path,count
"Electronics > Computers & Accessories > Tablet Accessories > Bags, Cases & Sleeves > Cases",14721
"Electronics > Headphones, Earbuds & Accessories > Headphones & Earbuds > Earbud Headphones",10015
Electronics > Computers & Accessories > Computer Accessories & Peripherals > Cables & Accessories > Cables & Interconnects > USB Cables,6796
Electronics > Television & Video > Accessories > Remote Controls,4902
Electronics > Computers & Accessories > Computers & Tablets > Laptops > Traditional Laptops,4862
Electronics > Portable Audio & Video > Portable Speakers & Docks > Portable Bluetooth Speakers,3865
Electronics > Camera & Photo > Bags & Cases > Camera Cases,3730
Electronics > Computers & Accessories > Laptop Accessories > Chargers & Adapters,3441
"Electronics > Headphones, Earbuds & Accessories > Headphones & Earbuds > Over-Ear Headphones",3212
"Electronics > Headphones, Earbuds & Accessories > Cases",3170
Electronics > Computers & Accessories > Tablet Accessories > Screen Protectors,3088
Electronics > Home Audio > Home Audio Accessories > Connectors & Adapters,2993
Electronics > Computers & Accessories > Laptop Accessories > Batteries,2948
Electronics > Computers & Accessories > Computer Accessories & Peripherals > Cables & Accessories > Cables & Interconnects > Lightning Cables,2870
Electronics > Television & Video > Accessories > Cables > HDMI Cables,2843
Electronics > Computers & Accessories > Monitors,2839
Electronics > Computers & Accessories > Data Storage > USB Flash Drives,2818
"Electronics > Computers & Accessories > Computer Accessories & Peripherals > Keyboards, Mice & Accessories > Keyboards",2520
Electronics > Camera & Photo > Accessories > Batteries & Chargers > Batteries > Camera Batteries,2501
"Electronics > Computers & Accessories > Computer Accessories & Peripherals > Keyboards, Mice & Accessories > Mice",2458
Electronics > Camera & Photo > Accessories > Tripod & Monopod Accessories > Camera Mounts & Clamps,2387
Electronics > Computers & Accessories > Computer Components > Internal Components > Memory,2376
Electronics > Television & Video > Televisions > LED & LCD TVs,2339
Electronics > Electronics Warranties,2283
Electronics > Power Accessories > AC Adapters,2276
"Electronics > Headphones, Earbuds & Accessories > Earpads",2249
Electronics > Computers & Accessories > Computers & Tablets > Tablets,2241
Electronics > Accessories & Supplies > Power Strips & Surge Protectors > Power Strips,2239
Electronics > Wearable Technology > Arm & Wristband Accessories,2201
"Electronics > Computers & Accessories > Laptop Accessories > Bags, Cases & Sleeves > Backpacks",2190
Electronics > Computers & Accessories > Computer Components > Internal Components,2160
"Electronics > Computers & Accessories > Laptop Accessories > Bags, Cases & Sleeves > Sleeves",2133
"Electronics > Television & Video > Accessories > TV Mounts, Stands & Turntables > TV Wall & Ceiling Mounts",2113
Electronics > Computers & Accessories > Computer Components > Internal Components > Graphics Cards,2037
Electronics > Camera & Photo > Digital Cameras > Point & Shoot Digital Cameras,1997
"Electronics > Headphones, Earbuds & Accessories > Adapters",1941
Electronics > Computers & Accessories > Tablet Accessories,1822
"Electronics > Computers & Accessories > Tablet Accessories > Bags, Cases & Sleeves > Keyboard Cases",1812
Electronics > Television & Video > Accessories > Antennas > TV Antennas,1759
Electronics > Computers & Accessories > Computer Components > Internal Components > Fans & Cooling > Case Fans,1730
Electronics > Computers & Accessories > Tablet Accessories > Stands,1717
Electronics > Video Projectors,1707
Electronics > Camera & Photo > Tripods & Monopods > Complete Tripods,1667
Electronics > Wearable Technology > Smartwatches,1661
Electronics > Camera & Photo > Video Surveillance > Surveillance Cameras > Dome Cameras,1623
Electronics > Portable Audio & Video > MP3 & MP4 Player Accessories > Cases,1602
Electronics > Home Audio > Home Audio Accessories > Cables > Stereo Jack Cables,1598
Electronics > Computers & Accessories > Laptop Accessories > Stands,1589
Electronics > Computers & Accessories > Computer Components > Single Board Computers,1587
Electronics > Computers & Accessories > Computers & Tablets > Desktops > Towers,1552
Electronics > Camera & Photo > Lighting & Studio > Photo Studio > Backgrounds,1550
Electronics > Portable Audio & Video > MP3 & MP4 Players,1547
"Electronics > Computers & Accessories > Laptop Accessories > Bags, Cases & Sleeves > Messenger & Shoulder Bags",1529
Electronics > Computers & Accessories > Computer Components > Internal Components > Motherboards,1504
Electronics > Computers & Accessories > Computer Components > External Components > Computer Cases,1496
Electronics > Car & Vehicle Electronics > Car Electronics > Car Video > On-Dash Cameras,1494
Electronics > Computers & Accessories > Computer Accessories & Peripherals > Audio & Video Accessories > Webcams & VoIP Equipment > Webcams,1439
Electronics > Computers & Accessories > Networking Products > Routers,1438
Electronics > Television & Video > Accessories > Cables > RCA,1391
Electronics > Camera & Photo > Video Surveillance > Surveillance Cameras > Bullet Cameras,1373
Electronics > Home Audio > Home Audio Accessories > Cables > Power Cords,1337
Electronics > Computers & Accessories > Networking Products > Hubs,1333
Electronics > Camera & Photo > Lenses > Camera Lenses > SLR Camera Lenses,1328
Electronics > Computers & Accessories > Computer Accessories & Peripherals > Memory Card Accessories > Memory Card Readers,1318
Electronics > Computers & Accessories > Computer Accessories & Peripherals > Hard Drive Accessories > Enclosures,1313
Electronics > Camera & Photo > Video > Camcorders,1311
Electronics > Computers & Accessories > Data Storage > External Hard Drives,1306
Electronics > Camera & Photo > Accessories > Batteries & Chargers > Battery Chargers > Camera,1285
Electronics > Computers & Accessories > Computer Accessories & Peripherals > Monitor Accessories > Monitor Stands,1270
Electronics > Computers & Accessories > Computer Components > Internal Components > Internal Power Supplies,1262
Electronics > Car & Vehicle Electronics > Car Electronics > Car Audio > Speakers > Coaxial Speakers,1226
Electronics > Computers & Accessories,1225
Electronics > Power Accessories > Power Converters,1224
"Electronics > Headphones, Earbuds & Accessories > Headphones & Earbuds > On-Ear Headphones",1224
Electronics > Computers & Accessories > Networking Products > Network Adapters > USB Network Adapters,1217
Electronics > Computers & Accessories > Computer Accessories & Peripherals > Computer Cable Adapters > DVI-HDMI Adapters,1205
Electronics > Security & Surveillance > Home Security Systems,1198
Electronics > Car & Vehicle Electronics > Car Electronics > Car Audio > Car Stereo Receivers,1187
Electronics > Camera & Photo,1169
"Electronics > Computers & Accessories > Computer Accessories & Peripherals > Keyboards, Mice & Accessories > Keyboard & Mice Accessories > Keyboard Skins",1166
"Electronics > Computers & Accessories > Laptop Accessories > Bags, Cases & Sleeves > Hard Shell Cases",1144
Electronics > Computers & Accessories > Computer Accessories & Peripherals > Memory Cards > Micro SD Cards,1135
Electronics > eBook Readers & Accessories > Covers,1122
Electronics > Camera & Photo > Binoculars & Scopes > Binoculars,1122
Electronics > Computers & Accessories > Laptop Accessories > Docking Stations,1121
Electronics > Accessories & Supplies > Cord Management > Cable Ties,1106
Electronics > Computers & Accessories > Computer Accessories & Peripherals > USB Hubs,1098
Electronics > Car & Vehicle Electronics > Car Electronics > Car Safety & Security > Vehicle Backup Cameras,1080
"Electronics > Headphones, Earbuds & Accessories > Headphones & Earbuds",1068
"Electronics > Computers & Accessories > Laptop Accessories > Bags, Cases & Sleeves",1061
"Electronics > GPS, Finders & Accessories > GPS System Accessories > Vehicle Mounts",1048
Electronics > Television & Video > Accessories > Video Converters,1034
Electronics > Computers & Accessories > Computer Accessories & Peripherals > Audio & Video Accessories > Computer Speakers,1018
"Electronics > Computers & Accessories > Computer Accessories & Peripherals > Keyboards, Mice & Accessories > Keyboard & Mouse Combos",1011
Electronics > Home Audio > Home Audio Accessories > Distribution > Selector Switch Boxes,1003
Electronics > Camera & Photo > Accessories > Professional Video Accessories > Stabilizers,977
Electronics > Accessories & Supplies > Mounts > Speaker Mounts,947
Electronics > Home Audio > Speakers > Sound Bars,935
Electronics > Computers & Accessories > Computer Accessories & Peripherals > Cables & Accessories > Cables & Interconnects > Ethernet Cables > Cat 6 Cables,933
Electronics > Computers & Accessories > Computer Components > Laptop Replacement Parts,918
Electronics > Camera & Photo > Accessories > Digital Camera Accessories > Accessory Kits,909
Electronics > Home Audio > Home Theater > Receivers & Amplifiers > Amplifiers,902
Electronics > Security & Surveillance > Surveillance Video Equipment > Surveillance DVR Kits,875
Electronics > Accessories & Supplies > Power Strips & Surge Protectors > Surge Protectors,875
Electronics > Computers & Accessories > Computer Components > Internal Components > Fans & Cooling > CPU Cooling Fans,873
"Electronics > Camera & Photo > Bags & Cases > Binocular, Camera & Camcorder Straps",856
Electronics > Security & Surveillance > Accessories > Surveillance Housing & Mounting Brackets,825
Electronics > Television & Video > Accessories > Antennas > Radio Antennas,819
Electronics > Television & Video > Streaming Media Players,814
Electronics > Car & Vehicle Electronics > Car Electronics > Car Video > In-Dash Navigation,807
Electronics > Accessories & Supplies > Telephone Accessories > Batteries,794
Electronics > Computers & Accessories > Tablet Accessories > Chargers & Adapters,788
Electronics > Computers & Accessories > Laptop Accessories > Skins & Decals,781
Electronics > Computers & Accessories > Computer Accessories & Peripherals > Cables & Accessories > Cables & Interconnects > SATA Cables,780
Electronics > Accessories & Supplies > Cord Management > Cable Straps,778
Electronics > Security & Surveillance > Accessories > Surveillance Camera Cables,774
Electronics > Camera & Photo > Accessories > Lens Accessories > Lens Hoods,774
Electronics > Accessories & Supplies > Office Electronics Accessories > Labeling Tapes,771
Electronics > Computers & Accessories > Computer Accessories & Peripherals > Computer Cable Adapters > USB-to-USB Adapters,767
Electronics > Home Audio > Turntables & Accessories > Turntables,767
Electronics > Portable Audio & Video > CB & Two-Way Radios > Two-Way Radios,762
Electronics > Computers & Accessories > Computer Accessories & Peripherals > USB Gadgets > USB Fans,760
Electronics > Computers & Accessories > Computer Accessories & Peripherals > Audio & Video Accessories > Computer Headsets,750
Electronics > Computers & Accessories > Networking Products > Switches,747
Electronics > Camera & Photo > Accessories > Digital Camera Accessories > Screen Protector Foils,747
Electronics > Computers & Accessories > Computer Accessories & Peripherals > Memory Cards > SD Cards,739
Electronics > Computers & Accessories > Computer Components > Internal Components > Fans & Cooling > Water Cooling Systems,718
Electronics > Car & Vehicle Electronics > Car Electronics > Car Audio > Subwoofers > Component Subwoofers,704
Electronics > Camera & Photo > Lighting & Studio > Lighting > On-Camera Video Lights,702
Electronics > Computers & Accessories > Computers & Tablets > Desktops > Minis,700
Electronics > Home Audio > Home Theater > Receivers & Amplifiers > Receivers,676
Electronics > Home Audio > Compact Radios & Stereos > Clock Radios,675
"Electronics > Household Batteries, Chargers & Accessories > Battery Chargers",659
"Electronics > GPS, Finders & Accessories > Sports & Handheld GPS > Handheld GPS Units",642
Electronics > Camera & Photo > Digital Cameras > DSLR Cameras,641
Electronics > Camera & Photo > Flashes > Shoe Mount Flashes,634
Electronics > Camera & Photo > Lighting & Studio > Photo Studio > Storage & Presentation Materials > Digital Picture Frames,634
"Electronics > Computers & Accessories > Tablet Accessories > Bags, Cases & Sleeves > Sleeves",633
Electronics > Camera & Photo > Video > Sports & Action Video Cameras,632
Electronics > Computers & Accessories > Computer Accessories & Peripherals > Hard Drive Accessories > Hard Drive Bags & Cases,629
Electronics > Camera & Photo > Accessories > Lens Accessories > Lens Caps,628
Electronics > Computers & Accessories > Computer Accessories & Peripherals > Monitor Accessories > Monitor Arms,628
"Electronics > Wearable Technology > Clips, Arm & Wristbands",613
Electronics > Portable Audio & Video > Digital Voice Recorders,611
Electronics > Television & Video > Accessories > Projector Accessories > Projection Screens,597
Electronics > Computers & Accessories > Networking Products > Repeaters,593
Electronics > Computers & Accessories > Computer Components > External Components > Optical Drives > CD & DVD Drives,593
Electronics > Camera & Photo > Lighting & Studio > Lighting > Lighting Controls & Modifiers > Soft Boxes,591
Electronics > Computers & Accessories > Computer Components > Internal Components > CPU Processors,589
Electronics > Camera & Photo > Accessories > Filters & Accessories > Filter Sets,589
Electronics > Computers & Accessories > Computer Accessories & Peripherals > Cables & Accessories > Cables & Interconnects,588
Electronics > Portable Audio & Video > CB & Two-Way Radios > Accessories > Headsets & Microphones,585
Electronics > Home Audio > Home Audio Accessories > Distribution > Wall Plates & Connectors,581
Electronics > Computers & Accessories > Computer Components > External Components > KVM Switches,576
Electronics > Computers & Accessories > Computer Accessories & Peripherals > Input Devices > Graphics Tablets,573
Electronics > Car & Vehicle Electronics > Vehicle Electronics Accessories > Audio & Video Accessories,568
Electronics > Computers & Accessories > Computers & Tablets > Laptops > 2 in 1 Laptops,566
Electronics > Camera & Photo > Accessories > Lens Accessories > Adapters & Converters,564
Electronics > Television & Video > Accessories > Cables > Speaker,559
Electronics > Computers & Accessories > Laptop Accessories > Replacement Screens,558
Electronics > Portable Audio & Video > Portable Speakers & Docks > Audio Docks,558
Electronics > Computers & Accessories > Computer Components > Internal Components > Network Cards,548
Electronics > Accessories & Supplies > Telephone Accessories > Headsets,547
"Electronics > Headphones, Earbuds & Accessories > Extension Cords",545
Electronics > Computers & Accessories > Computer Accessories & Peripherals > Cables & Accessories > Cables & Interconnects > Ethernet Cables > Cat 7 Cables,545
Electronics > Car & Vehicle Electronics > Vehicle Electronics Accessories > Audio & Video Accessories > Antennas,524
Electronics > Camera & Photo > Accessories > Batteries & Chargers > Batteries > Camcorder Batteries,521
Electronics > Television & Video > DVD Players & Recorders > DVD Players,519
Electronics > Portable Audio & Video > Portable DVD Players,518
Electronics > Camera & Photo > Tripods & Monopods > Tripod Heads,515
Electronics > Camera & Photo > Accessories > Batteries & Chargers > Adapters,509
Electronics > Computers & Accessories > Computer Accessories & Peripherals > Computer Cable Adapters,506
Electronics > Computers & Accessories > Networking Products > Wireless Access Points,493
Electronics > Camera & Photo > Accessories > Accessory Bundles,485
Electronics > Computers & Accessories > Computer Components > Internal Components > Fans & Cooling > Heatsinks,484
"Electronics > GPS, Finders & Accessories > GPS System Accessories > Screen Protector Foils",482
Electronics > Television & Video > Accessories > Cables > Coaxial Cables,481
"Electronics > GPS, Finders & Accessories > GPS System Accessories > Cases",480
Electronics > Computers & Accessories > Laptop Accessories > Skins & Decals > Decals,479
Electronics > Television & Video > Blu-ray Players & Recorders > Blu-ray Players,477
Electronics > Camera & Photo > Accessories > Digital Camera Accessories > Battery Grips,475
Electronics > Camera & Photo > Lighting & Studio > Lighting > Continuous Output Lighting,470
"Electronics > Computers & Accessories > Laptop Accessories > Bags, Cases & Sleeves > Briefcases",469
Electronics > samsung_tradein,461
Electronics > Computers & Accessories > Laptop Accessories > Cooling Pads & External Fans > Cooling Pads,461
Electronics > Computers & Accessories > Computer Accessories & Peripherals > Audio & Video Accessories > Computer Microphones,458
Electronics > Computers & Accessories > Computer Accessories & Peripherals > Cleaning & Repair > Compressed Air Dusters,455
Electronics > Television & Video > Accessories > Satellite Equipment > Splitters,449
Electronics > Security & Surveillance,441
Electronics > Home Audio > Home Audio Accessories > Speaker Parts & Components > Case Hardware & Latches,433
Electronics > Portable Audio & Video > Boomboxes,431
Electronics > Portable Audio & Video > MP3 & MP4 Player Accessories > Bluetooth & FM Transmitters > FM Transmitters,427
Electronics > Camera & Photo > Accessories > Professional Video Accessories > Microphones,425
Electronics > Camera & Photo > Accessories,422
Electronics > Computers & Accessories > Networking Products > Network Adapters > Powerline Network Adapters,422
Electronics > Car & Vehicle Electronics > Vehicle Electronics Accessories > Vehicle Audio & Video Installation > Radio Wiring Harnesses,419
Electronics > Camera & Photo > Lighting & Studio > Lighting > Booms & Stands,419
Electronics > Computers & Accessories > Computer Accessories & Peripherals > Cables & Accessories > Cables & Interconnects > Ethernet Cables > Cat 5e Cables,417
Electronics > Computers & Accessories > Computer Components > Internal Components > Internal TV Tuner & Capture Cards,408
Electronics > Computers & Accessories > Computer Accessories & Peripherals > Computer Cable Adapters > USB-to-VGA Adapters,406
Electronics > Camera & Photo > Flashes > Macro & Ringlight Flashes,393
Electronics > Portable Audio & Video > MP3 & MP4 Player Accessories,391
Electronics > Home Audio > Speakers > Bookshelf Speakers,390
Electronics > Car & Vehicle Electronics > Car Electronics > Car Audio > Amplifiers > Multichannel Amplifiers,387
Electronics > Computers & Accessories > Data Storage > Internal Hard Drives,385
Electronics > Computers & Accessories > Data Storage > Internal Solid State Drives,383
Electronics > Camera & Photo > Binoculars & Scopes > Monoculars,380
Electronics > Home Audio > Speakers > Subwoofers,380
Electronics > Computers & Accessories > Computers & Tablets > Desktops > All-in-Ones,379
Electronics > Portable Audio & Video > Radios > Shortwave Radios,376
Electronics > Television & Video > Accessories > Cables > Optical,373
Electronics > Accessories & Supplies > Cord Management > Cable Raceways,369
Electronics > Television & Video > Home Theater Systems,369
Electronics > Portable Audio & Video > Radios > Weather Radios,366
Electronics > Computers & Accessories > Networking Products > Network Antennas,365
Electronics > Portable Audio & Video > CB & Two-Way Radios > Accessories > Antennas,361
Electronics > Camera & Photo > Accessories > Flash Accessories > Shoe Mounts,359
Electronics > Car & Vehicle Electronics > Car Electronics > Car Video > In-Dash DVD & Video Receivers,356
Electronics > Computers & Accessories > Computer Components > Internal Components > I/O Port Cards > USB Port Cards,355
Electronics > Computers & Accessories > Computer Accessories & Peripherals > Uninterruptible Power Supply (UPS),353
Electronics > Accessories & Supplies > Cable Organizer Bags & Cases,348
"Electronics > GPS, Finders & Accessories > Sports & Handheld GPS > Running GPS Units",335
Electronics > Accessories & Supplies > Cord Management > Cable Sleeves,334
Electronics > Camera & Photo > Accessories > Cleaning Equipment > Cleaning Kits,333
Electronics > Television & Video > Accessories > Projector Accessories > Lamps,332
"Electronics > GPS, Finders & Accessories > Item Finders",330
Electronics > Camera & Photo > Accessories > Remote Controls,329
Electronics > Camera & Photo > Tripods & Monopods > Monopods,328
Electronics > Computers & Accessories > Laptop Accessories > Screen Protectors,328
Electronics > Portable Audio & Video > Portable CD Players,324
Electronics > Car & Vehicle Electronics > Marine Electronics > Fish Finders & Depth Finders,322
Electronics > Accessories & Supplies > Telephone Accessories > Telephone Cords,320
"Electronics > Headphones, Earbuds & Accessories > Amplifiers",320
Electronics > Camera & Photo > Film Photography > Film,318
Electronics > Camera & Photo > Video Surveillance > Surveillance Cameras > Hidden Cameras,315
Electronics > Computers & Accessories > Computer Accessories & Peripherals > Cables & Accessories > Cables & Interconnects > DVI,315
Electronics > Camera & Photo > Binoculars & Scopes > Microscopes > USB Microscopes,314
Electronics > Camera & Photo > Accessories > Filters & Accessories > Neutral Density Filters,313
Electronics > Television & Video > Accessories > 3D Glasses,307
Electronics > Computers & Accessories > Computer Accessories & Peripherals > Cables & Accessories > Cables & Interconnects > VGA Cables,306
Electronics > Camera & Photo > Video Surveillance > Surveillance Cameras,305
Electronics > Camera & Photo > Accessories > Digital Camera Accessories > Shutter Release Cords,303
Electronics > Computers & Accessories > Networking Products > Whole Home & Mesh Wi-Fi Systems,293
Electronics > Security & Surveillance > Motion Detectors,293
Electronics > Computers & Accessories > Computer Accessories & Peripherals,292
Electronics > Car & Vehicle Electronics > Vehicle Electronics Accessories > Audio & Video Accessories > Bluetooth Car Kits,291
Electronics > Home Audio > Speakers > Surround Sound Systems,290
Electronics > Portable Audio & Video > CB & Two-Way Radios > Accessories > Batteries,288
Electronics > Computers & Accessories > Computer Accessories & Peripherals > Computer Cable Adapters > HDMI-to-VGA Adapters,288
Electronics > Computers & Accessories > Laptop Accessories,286
Electronics > Home Audio > Home Audio Accessories > Cables > Coaxial,284
Electronics > Computers & Accessories > Computer Accessories & Peripherals > USB Gadgets > USB Lamps,283
Electronics > Camera & Photo > Film Photography > Film Cameras > Instant Cameras,277
Electronics > Portable Audio & Video > Radios > Personal Radios,276
Electronics > Camera & Photo > Digital Cameras > Mirrorless Cameras,275
Electronics > Computers & Accessories > Networking Products > Network Adapters > Bluetooth Network Adapters,274
Electronics > Computers & Accessories > Networking Products > Modems,274
Electronics > Computers & Accessories > Data Storage > Network Attached Storage,273
"Electronics > Household Batteries, Chargers & Accessories > Battery Holders",272
Electronics > Car & Vehicle Electronics > Car Electronics > Car Audio > Amplifiers > Mono Amplifiers,269
Electronics > Camera & Photo > Underwater Photography > Housings,269
Electronics > Television & Video > Accessories > Remote Control Extenders,268
Electronics > Camera & Photo > Accessories > Viewfinders,268
Electronics > Camera & Photo > Lighting & Studio > Lighting > Lighting Controls & Modifiers > Reflectors,267
Electronics > Computers & Accessories > Networking Products,265
Electronics > Car & Vehicle Electronics > Car Electronics > Car Video > In-Mirror Video,263
"Electronics > Headphones, Earbuds & Accessories",260
Electronics > Accessories & Supplies > Cord Management,260
Electronics > Camera & Photo > Accessories > Filters & Accessories > Skylight & UV Filters,257
Electronics > Television & Video > Accessories > Projector Accessories > Bulbs,257
Electronics > Computers & Accessories > Laptop Accessories > Camera Privacy Covers,253
Electronics > Car & Vehicle Electronics > Car Electronics > Car Audio > Subwoofers > Subwoofer Boxes & Enclosures,251
Electronics > Car & Vehicle Electronics > Vehicle Electronics Accessories > Radar Detectors,251
Electronics > Computers & Accessories > Computer Accessories & Peripherals > Racks & Cabinets,249
Electronics > Security & Surveillance > Horns & Sirens,248
"Electronics > GPS, Finders & Accessories > Vehicle GPS",247
Electronics > Computers & Accessories > Computer Accessories & Peripherals > Computer Cable Adapters > Serial Adapters,247
Electronics > Computers & Accessories > Computer Components > Computer Screws,242
Electronics > Computers & Accessories > Computer Accessories & Peripherals > Cleaning & Repair > Repair Kits,242
"Electronics > GPS, Finders & Accessories > GPS System Accessories > Chargers & Cables",240
Electronics > Portable Audio & Video,238
Electronics > Camera & Photo > Lighting & Studio > Video Studio > Video Monitors,237
Electronics > Camera & Photo > Accessories > Flash Accessories > Diffusers,237
Electronics > Car & Vehicle Electronics,236
"Electronics > GPS, Finders & Accessories > GPS Trackers",235
Electronics > Computers & Accessories > Computers & Tablets,231
Electronics > Home Audio > Compact Radios & Stereos > Stereo Shelf Systems,227
Electronics > Camera & Photo > Lighting & Studio > Lighting > Lighting Controls & Modifiers > Umbrellas,226
Electronics > Computers & Accessories > Computer Accessories & Peripherals > Memory Cards > CompactFlash Cards,226
Electronics > Television & Video > Accessories > Cables,224
Electronics > Television & Video > Televisions,224
Electronics > Camera & Photo > Lighting & Studio > Photo Studio > Shooting Tents,224
Electronics > Computers & Accessories > Data Storage > External Solid State Drives,221
Electronics > Camera & Photo > Lighting & Studio > Lighting > Remote Triggers,221
Electronics > Television & Video > Accessories > Projector Accessories > Projector,218
Electronics > Car & Vehicle Electronics > Vehicle Electronics Accessories > Audio & Video Accessories > Auxiliary Input Adapters,217
Electronics > Wearable Technology > Arm & Wristband Accessories > Replacement Bands,217
Electronics > Camera & Photo > Accessories > Flash Accessories > Camera Brackets,210
Electronics > Portable Audio & Video > MP3 & MP4 Player Accessories > Bluetooth & FM Transmitters > Bluetooth Transmitters,210
Electronics > Camera & Photo > Accessories > Cables & Cords,209
Electronics > Computers & Accessories > Tablet Accessories > Mounts,209
Electronics > Camera & Photo > Bags & Cases > Camcorder Cases,208
"Electronics > Household Batteries, Chargers & Accessories > Battery Storage Containers",208
Electronics > Computers & Accessories > Computer Accessories & Peripherals > Monitor Accessories,203
Electronics > Television & Video > Accessories > Cleaning > Lens Cleaners,201
Electronics > Car & Vehicle Electronics > Vehicle Electronics Accessories > Vehicle Audio & Video Installation,200
Electronics > Computers & Accessories > Computer Components > Internal Components > Internal Optical Drives > Internal CD & DVD Drives,198
Electronics > Camera & Photo > Lenses > Camera Lenses,198
Electronics > Camera & Photo > Digital Cameras,196
Electronics > Car & Vehicle Electronics > Car Electronics > Car Audio > Satellite Radio,196
Electronics > Camera & Photo > Bags & Cases,196
Electronics > Security & Surveillance > Surveillance Video Equipment > Surveillance Video Recorders,195
Electronics > Home Audio > Speakers > Outdoor Speakers,193
Electronics > Home Audio > Home Audio Accessories > Speaker Parts & Components > Speaker Repair,190
Electronics > Home Audio > Wireless & Streaming Audio > Wireless Audio Receivers & Adapters,189
Electronics > Camera & Photo > Accessories > Telescope & Microscope Accessories > Telescope Accessories > Photo Adapters,189
Electronics > Portable Audio & Video > CB & Two-Way Radios > CB Radios & Scanners > Fixed-mount CB Radios,188
Electronics > Computers & Accessories > Computer Components > External Components > Optical Drives > Blu-ray Drives,186
Electronics > Computers & Accessories > Computer Accessories & Peripherals > Memory Card Accessories > Memory Card Cases,185
Electronics > Computers & Accessories > Computer Accessories & Peripherals > Memory Card Accessories > Memory Card Adapters,184
Electronics > Accessories & Supplies > Cord Management > Floor Cord Covers,184
Electronics > Computers & Accessories > Computer Accessories & Peripherals > Blank Media > DVD-R,182
Electronics > Television & Video > Accessories,182
Electronics > Camera & Photo > Lighting & Studio > Lighting > Strobe Lighting > Monolights,180
Electronics > Home Audio > Speakers > Floorstanding Speakers,178
Electronics > Computers & Accessories > Networking Products > Network Transceivers,177
Electronics > Camera & Photo > Lighting & Studio > Photo Studio,177
Car & Vehicle Electronics > Vehicle Electronics Accessories > Vehicle Audio & Video Installation > Amplifier Installation > Power & Ground Cable,177
"Electronics > GPS, Finders & Accessories > GPS System Accessories > Batteries",175
Electronics > Car & Vehicle Electronics > Car Electronics > Car Video > Overhead Video,174
"Electronics > GPS, Finders & Accessories > Sports & Handheld GPS > Golf Course GPS Units",174
Electronics > Home Audio > Speakers > Ceiling & In-Wall Speakers,173
Electronics > Computers & Accessories > Computer Accessories & Peripherals > Blank Media > CD-R,173
"Electronics > Computers & Accessories > Tablet Accessories > Bags, Cases & Sleeves",172
Electronics > Television & Video > Accessories > TV Replacement Lamps,172
Electronics > Computers & Accessories > Computer Accessories & Peripherals > Cables & Accessories > Cables & Interconnects > Thunderbolt Cables,172
Electronics > Portable Audio & Video > CB & Two-Way Radios > Accessories > Cases,170
Electronics > Television & Video > AV Receivers & Amplifiers,169
Electronics > Computers & Accessories > Tablet Replacement Parts > Digitizers,168
Electronics > Camera & Photo > Lenses > Camera Lenses > Mirrorless Camera Lenses,168
Electronics > Camera & Photo > Binoculars & Scopes > Telescopes > Refractors,168
"Electronics > Household Batteries, Chargers & Accessories > Battery Testers",168
Electronics > Computers & Accessories > Computer Accessories & Peripherals > Input Devices > Digital Pens,168
Electronics > Television & Video,168
Electronics > Camera & Photo > Accessories > Lens Accessories,167
Electronics > Camera & Photo > Bags & Cases > Bag & Case Accessories,166
Electronics > Camera & Photo > Accessories > Batteries & Chargers > Battery Chargers > Camcorder,166
Electronics > Car & Vehicle Electronics > Vehicle Electronics Accessories > Audio & Video Accessories > Bluetooth Headsets,164
Electronics > Portable Audio & Video > Portable Speakers & Docks > Portable Line-In Speakers,163
Electronics > Car & Vehicle Electronics > Car Electronics > Car Video > Headrest Video,161
Electronics > Camera & Photo > Accessories > Filters & Accessories > Polarizing Filters,161
Electronics > Camera & Photo > Bags & Cases > Lens Cases,160
Electronics > Computers & Accessories > Computer Accessories & Peripherals > Cables & Accessories > Cables & Interconnects > Ethernet Cables,160
Electronics > Home Audio > Home Audio Accessories > Speaker Accessories > Stands,159
Electronics > Television & Video > Accessories > Satellite Equipment,159
Electronics > Camera & Photo > Accessories > Telescope & Microscope Accessories > Telescope Accessories > Eyepieces,157
Electronics > Computers & Accessories > Computer Accessories & Peripherals > Input Devices > Numeric Keypads,155
Electronics > Home Audio > Speakers,153
Electronics > Camera & Photo > Accessories > Professional Video Accessories,152
Electronics > Computers & Accessories > Computer Components > External Components > External Sound Cards,151
Electronics > Television & Video > Accessories > Cleaning > Record Cleaners & Cleaning Supplies,150
Electronics > Computers & Accessories > Tablet Accessories > Keyboards,150
Electronics > Home Audio > Speakers > Center-Channel Speakers,150
Electronics > Portable Audio & Video > Cassette Players & Recorders,148
Electronics > Computers & Accessories > Computer Accessories & Peripherals > Computer Cable Adapters > Gender Changers,147
"Electronics > GPS, Finders & Accessories > GPS System Accessories",147
Electronics > Television & Video > DVD Players & Recorders > DVD Recorders,147
Electronics > Camera & Photo > Tripods & Monopods,146
Electronics > Computers & Accessories > Computer Components > Internal Components > Internal Sound Cards,146
Electronics > Camera & Photo > Lighting & Studio > Lighting > Mounting Hardware,145
Electronics > Home Audio > Home Theater > Receivers & Amplifiers > Preamplifiers,143
Electronics > Home Audio > Home Audio Accessories > Distribution,143
Electronics > Accessories & Supplies > Mounts,137
Electronics > Camera & Photo > Lighting & Studio > Photo Studio > Background Support Equipment,137
Electronics > Computers & Accessories > Networking Products > Network Adapters,137
Electronics > Home Audio,136
Electronics > Computers & Accessories > Tablet Replacement Parts > Screens,135
Electronics > Accessories & Supplies,135
"Electronics > Television & Video > Accessories > TV Mounts, Stands & Turntables > TV Mount Stands",134
Electronics > Computers & Accessories > Computer Components,134
Electronics > Computers & Accessories > Computer Accessories & Peripherals > Blank Media > DVD+R,134
Electronics > Television & Video > Analog-to-Digital (DTV) Converters,133
Electronics > Camera & Photo > Accessories > Filters & Accessories,132
Electronics > Computers & Accessories > Computer Components > Internal Components > Fans & Cooling,129
Electronics > Car & Vehicle Electronics > Car Electronics,129
Electronics > Car & Vehicle Electronics > Vehicle Electronics Accessories > Car Dash Mounting Kits,128
Electronics > Computers & Accessories > Computer Accessories & Peripherals > Cleaning & Repair > Computer Vacuums,127
Electronics > Portable Audio & Video > MP3 & MP4 Player Accessories > Cassette Player Adapters,126
Electronics > Camera & Photo > Accessories > Tripod & Monopod Accessories,125
Electronics > Car & Vehicle Electronics > Vehicle Electronics Accessories > Vehicle Audio & Video Installation > Amplifier Installation > Capacitors,124
Electronics > Television & Video > TV-DVD Combos,123
Electronics > Car & Vehicle Electronics > Aviation Electronics > Aircraft Accessories,122
Electronics > Camera & Photo > Video > Quadcopters & Accessories > Quadcopter Camera Mounts,121
Electronics > Computers & Accessories > Data Storage,121
Electronics > Camera & Photo > Video Surveillance,119
Electronics > Computers & Accessories > Computer Accessories & Peripherals > Audio & Video Accessories,119
Electronics > Television & Video > Accessories > Antennas,119
Electronics > Computers & Accessories > Computer Accessories & Peripherals > Cables & Accessories > Cables & Interconnects > Serial Cables,118
Electronics > Portable Audio & Video > MP3 & MP4 Player Accessories > Armbands,118
Electronics > Portable Audio & Video > CB & Two-Way Radios > Accessories > Battery Chargers,117
Electronics > Car & Vehicle Electronics > Vehicle Electronics Accessories > Audio & Video Accessories > Speaker Systems,117
Electronics > Camera & Photo > Lighting & Studio > Photo Studio > Storage & Presentation Materials,116
Electronics > Camera & Photo > Accessories > Batteries & Chargers > Battery & Charger Sets > Camera Battery & Charger Sets,115
Electronics > Computers & Accessories > Tablet Replacement Parts > Batteries,114
Electronics > Camera & Photo > Accessories > Flash Accessories > Sync & PC Cords,113
Electronics > Television & Video > Accessories > TV Display Protectors,112
Electronics > Portable Audio & Video > MP3 & MP4 Player Accessories > Batteries & Battery Packs > Batteries,111
Electronics > Computers & Accessories > Data Storage > Network Attached Storage > Enclosures,111
Electronics > Wearable Technology,110
Electronics > Camera & Photo > Accessories > Lens Accessories > Extension Tubes,109
Electronics > Computers & Accessories > Computers & Tablets > Desktops,108
Electronics > Computers & Accessories > Computer Accessories & Peripherals > Monitor Accessories > Screen Protectors,108
Electronics > Portable Audio & Video > Radios,107
Electronics > Computers & Accessories > Data Storage > Network Attached Storage > Devices,107
Electronics > Computers & Accessories > Computer Accessories & Peripherals > Cables & Accessories > Cables & Interconnects > Firewire Cables,107
Electronics > Camera & Photo > Video > Camcorder Bundles,105
Electronics > Computers & Accessories > Computer Components > Internal Components > Fans & Cooling > Thermal Paste & Pads > Silicon Grease,105
Electronics > Camera & Photo > Lighting & Studio > Lighting,105
Electronics > Camera & Photo > Accessories > Filters & Accessories > Effects Filters,104
Electronics > Camera & Photo > Accessories > Digital Camera Accessories,104
Electronics > Service Plans,100
Electronics > Camera & Photo > Underwater Photography > Cameras,100
"Electronics > GPS, Finders & Accessories > Sports & Handheld GPS > Cycling GPS Units",100
Electronics > Camera & Photo > Video > Camera Supports & Stabilizers > Camera Sliders,99
Electronics > Car & Vehicle Electronics > Vehicle Electronics Accessories > Vehicle Audio & Video Installation > Amplifier Installation > Cooling Fans,99
Electronics > eBook Readers & Accessories > eBook Readers,99
Electronics > Television & Video > Accessories > Cleaning,98
Electronics > Car & Vehicle Electronics > Vehicle Electronics Accessories > Vehicle Audio & Video Installation > Connecting Blocks,97
Electronics > Car & Vehicle Electronics > Car Electronics > Car Audio > Equalizers,97
Electronics > Camera & Photo > Lighting & Studio > Photo Studio > Posing Props,97
Car & Vehicle Electronics > Vehicle Electronics Accessories > Vehicle Audio & Video Installation > Amplifier Installation > Amplifier Wiring Kits,95
Electronics > Computers & Accessories > Computer Components > Desktop Barebones,95
Electronics > Computers & Accessories > Laptop Accessories > Screen Filters,94
Electronics > Computers & Accessories > Computer Accessories & Peripherals > Monitor Accessories > Anti-Glare & Privacy Filters,94
Electronics > Camera & Photo > Accessories > Telescope & Microscope Accessories > Telescope Accessories,92
Electronics > Security & Surveillance > Accessories,92
Electronics > Camera & Photo > Lighting & Studio > Photo Studio > Sandbags,91
Electronics > Portable Audio & Video > MP3 & MP4 Player Accessories > Screen Protectors,91
Electronics > Camera & Photo > Accessories > Flash Accessories,91
Electronics > Camera & Photo > Accessories > Telescope & Microscope Accessories > Telescope Accessories > Filters,91
Electronics > Accessories & Supplies > Cord Management > Cord Reels,90
Electronics > Home Audio > Home Audio Accessories > Speaker Parts & Components > Speaker Grills,90
Electronics > Car & Vehicle Electronics > Car Electronics > Car Video,89
Electronics > Computers & Accessories > Computer Accessories & Peripherals > Monitor Accessories > Covers,88
Electronics > Camera & Photo > Accessories > Cleaning Equipment > Cloths,87
Electronics > Home Audio > Stereo System Components > CD & Tape Players > CD Players,87
Electronics > Computers & Accessories > Networking Products > Print Servers,86
Electronics > Home Audio > Home Audio Accessories > Cables,86
Electronics > Computers & Accessories > Networking Products > Network Adapters > Laptop Network Adapters,86
Electronics > Power Accessories > PDUs,86
Electronics > Home Audio > Home Audio Accessories > Digital-Analog Converters,85
Electronics > Home Audio > Compact Radios & Stereos > Internet Radios,85
Electronics > Car & Vehicle Electronics > Vehicle Electronics Accessories,85
Electronics > Television & Video > DVD-VCR Combos,85
Electronics > Computers & Accessories > Laptop Accessories > Security Locks,83
Electronics > Security & Surveillance > Accessories > Access-Control Keypads,83
Electronics > Car & Vehicle Electronics > Marine Electronics > Marine Speakers,83
Electronics > Car & Vehicle Electronics > Vehicle Electronics Accessories > Vehicle Audio & Video Installation > Amplifier Installation > Noise Filters,82
Electronics > Camera & Photo > Flashes,82
Electronics > 3P ASINs 1500,82
Electronics > Camera & Photo > Binoculars & Scopes > Telescopes > Reflectors,81
Electronics > Camera & Photo > Lighting & Studio > Lighting > Lighting Controls & Modifiers > Filters,81
Electronics > Portable Audio & Video > CB & Two-Way Radios,80
Electronics > Television & Video > Televisions > QLED TVs,80
Electronics > Camera & Photo > Bags & Cases > Tripod & Monopod Cases,80
Electronics > Computers & Accessories > Computer Components > Internal Components > I/O Port Cards > RAID Controllers,79
Electronics > Computers & Accessories > Computer Accessories & Peripherals > Memory Cards > Memory Stick Cards,79
Electronics > Camera & Photo > Simulated Cameras,78
Electronics > Computers & Accessories > Computer Components > Internal Components > Fans & Cooling > Grills,78
Electronics > Camera & Photo > Lighting & Studio > Lighting > Lighting Controls & Modifiers > Diffusers,78
Electronics > Car & Vehicle Electronics > Aviation Electronics > Headsets & Intercoms,77
Electronics > Computers & Accessories > Networking Products > Modem Router Combos,77
Electronics > Television & Video > Satellite Television > Receivers,77
Electronics > Portable Audio & Video > Microcassette Recorders,77
Electronics > Car & Vehicle Electronics > Car Electronics > Car Audio > Speakers > Tweeters,76
Electronics > Television & Video > Accessories > Television Replacement Parts,75
Electronics > Camera & Photo > Printers & Scanners > Portable Photo Printers,75
Electronics > Camera & Photo > Accessories > Rain Covers,74
Electronics > Accessories & Supplies > Office Electronics Accessories > Calculator Accessories,74
Electronics > Camera & Photo > Video Surveillance > Surveillance Systems,74
Electronics > Camera & Photo > Lenses,74
Electronics > Camera & Photo > Video,74
Electronics > Computers & Accessories > Computer Accessories & Peripherals > Blank Media > BD-R,74
Electronics > Accessories & Supplies > Telephone Accessories,73
Electronics > Computers & Accessories > Computer Accessories & Peripherals > Blank Media,73
Electronics > Computers & Accessories > Computer Components > Internal Components > Internal Optical Drives > Internal Blu-ray Drives,72
Electronics > Computers & Accessories > Computer Components > Internal Components > I/O Port Cards > SCSI Port Cards,72
Electronics > Power Accessories,71
Electronics > Security & Surveillance > Surveillance Video Equipment > Security Monitors & Displays,71
Electronics > Computers & Accessories > Data Storage > Floppy & Tape Drives,71
Electronics > Car & Vehicle Electronics > Car Electronics > Car Audio > Speakers > Component Speakers,71
Electronics > Car & Vehicle Electronics > Marine Electronics > Marine GPS Chartplotters,70
Electronics > Computers & Accessories > Computer Accessories & Peripherals > Input Devices > Touch Pads,70
Electronics > Camera & Photo > Lighting & Studio > Light Meters & Accessories > Light Meters,70
Electronics > Home Audio > Home Audio Accessories,69
Car & Vehicle Electronics > Vehicle Electronics Accessories > Vehicle Audio & Video Installation > Amplifier Installation > Power-Cable Terminals,67
Electronics > Car & Vehicle Electronics > Car Electronics > Car Audio,67
Electronics > Wearable Technology > Glasses,67
Electronics > Camera & Photo > Accessories > Batteries & Chargers > Battery & Charger Sets > Camcorder Battery & Charger Sets,67
"Electronics > GPS, Finders & Accessories > GPS System Accessories > Antennas",67
Electronics > Camera & Photo > Accessories > Binocular Accessories,67
Electronics > Television & Video > Accessories > Projector Accessories,66
Electronics > Camera & Photo > Accessories > Filters & Accessories > Filter Accessories > Step-Up Rings,66
Electronics > eBook Readers & Accessories > Reading Lights,65
Electronics > Camera & Photo > Digital Cameras > Instant Cameras,65
Electronics > Computers & Accessories > Computer Components > External Components > External TV Tuners,64
Electronics > Computers & Accessories > Computer Accessories & Peripherals > Memory Cards,63
Electronics > Computers & Accessories > Computer Accessories & Peripherals > Input Devices > Trackballs,63
Electronics > Television & Video > Satellite Television,63
Electronics > Portable Audio & Video > Portable & Handheld TVs,62
Electronics > Television & Video > Accessories > Cleaning > Head Cleaners,62
Electronics > Computers & Accessories > Servers,61
Electronics > Security & Surveillance > Biometrics,61
Electronics > Computers & Accessories > Computer Components > Internal Components > Fans & Cooling > Graphics Card Fans,61
Electronics > PC Gaming > Gaming Computers > Gaming Monitors,61
Electronics > Camera & Photo > Accessories > Flash Accessories > Adapter Rings,61
Electronics > Car & Vehicle Electronics > Car Electronics > Car Audio > Digital Media Receivers,60
Electronics > Camera & Photo > Accessories > Batteries & Chargers > Battery Chargers,60
Electronics > Security & Surveillance > Radio Scanners,59
"Electronics > Headphones, Earbuds & Accessories > Headphones & Earbuds > Open-Ear Headphones",58
Electronics > Car & Vehicle Electronics > Marine Electronics > Marine Two-Way Radios,58
Electronics > Camera & Photo > Accessories > Blank Video Media > VHS,58
Electronics > Camera & Photo > Accessories > Lens Accessories > Tripod Mount Rings,57
Electronics > Computers & Accessories > Tablet Replacement Parts > Flex Cables,57
Electronics > Camera & Photo > Accessories > Flash Accessories > Battery Packs,57
"Electronics > GPS, Finders & Accessories > Sports & Handheld GPS",56
Electronics > Computers & Accessories > Computer Accessories & Peripherals > Input Devices,56
Electronics > Camera & Photo > Accessories > Lens Accessories > Follow-Focus Levers,56
Electronics > Security & Surveillance > Accessories > Surveillance Camera Lenses,56
Electronics > Car & Vehicle Electronics > Car Electronics > Car Video > Car Headphones,56
Electronics > Car & Vehicle Electronics > Car Electronics > Car Audio > Amplifiers > Dual-Channel Amplifiers,56
Electronics > Camera & Photo > Binoculars & Scopes > Telescopes,55
Electronics > Security & Surveillance > Surveillance Video Equipment > Surveillance NVR Kits,55
"Electronics > Computers & Accessories > Computer Accessories & Peripherals > Keyboards, Mice & Accessories",54
Electronics > Car & Vehicle Electronics > Car Electronics > Car Audio > Subwoofers > Enclosed Subwoofer Systems,53
Electronics > Television & Video > Televisions > OLED TVs,53
Electronics > Power Accessories > Isolation Transformers,53
Amazon Devices & Accessories > Amazon Device Accessories > Protection Plans,53
Electronics > Car & Vehicle Electronics > Vehicle Electronics Accessories > Vehicle Audio & Video Installation > Amplifier Installation,52
Electronics > Home Audio > Home Audio Accessories > Speaker Parts & Components,52
Electronics > Home Audio > Speakers > Satellite Speakers,52
Electronics > Camera & Photo > Binoculars & Scopes > Microscopes > Compound Microscopes > Compound Monocular Microscopes,52
Electronics > Car & Vehicle Electronics > Car Electronics > Car Audio > Amplifiers,52
Electronics > eBook Readers & Accessories,51
Electronics > Computers & Accessories > Computer Accessories & Peripherals > Hard Drive Accessories,51
Electronics > Accessories & Supplies > Telephone Accessories > Caller ID Displays,51
Electronics > Computers & Accessories > Computer Accessories & Peripherals > Cable Security Devices,51
Electronics > Home Audio > Home Audio Accessories > Speaker Accessories > Spikes,51
Electronics > Camera & Photo > Accessories > Lens Accessories > Lens Supports,51
Electronics > Home Audio > Home Audio Accessories > Cables > Subwoofer,51
Electronics > Computers & Accessories > Computer Components > Internal Components > I/O Port Cards > FireWire Port Cards,51
Electronics > Computers & Accessories > Computer Components > External Components > Optical Drives > Disc Duplicators,50
Electronics > Camera & Photo > Accessories > Batteries & Chargers,50
Electronics > Camera & Photo > Underwater Photography > Camcorders,50
Electronics > Home Audio > Home Audio Accessories > Home Audio Crossovers & Parts > Crossover Parts,49
Electronics > Car & Vehicle Electronics > Marine Electronics > Marine GPS Accessories,49
Electronics > Camera & Photo > Binoculars & Scopes > Microscopes > Stereo Microscopes,49
Electronics > Security & Surveillance > Surveillance Video Equipment > Video Transmission Systems,49
Electronics > Camera & Photo > Accessories > Telescope & Microscope Accessories > Telescope Accessories > Finder Scopes,48
Electronics > Camera & Photo > Accessories > Blank Video Media > MiniDV,48
Electronics > Camera & Photo > Binoculars & Scopes > Microscopes,48
Electronics > Camera & Photo > Lighting & Studio > Video Studio > Teleprompters,48
Electronics > Television & Video > Accessories > Cleaning > Disc Repair Kits,48
Electronics > Television & Video > Accessories > CD & DVD Racks > CD Racks,47
Electronics > Home Audio > Turntables & Accessories,47
Electronics > Television & Video > Accessories > Cables > S-Video Cables,46
Electronics > Television & Video > VCRs,46
Electronics > Computers & Accessories > Computer Accessories & Peripherals > Cables & Accessories,46
Electronics > Home Audio > Home Audio Accessories > Distribution > Distribution Panels,46
Electronics > Portable Audio & Video > MP3 & MP4 Player Accessories > Chargers,46
Electronics > Home Audio > Wireless & Streaming Audio > Wireless Multiroom Systems,45
Electronics > Television & Video > Video Glasses,45
Electronics > Camera & Photo > Accessories > Filters & Accessories > Filter Accessories > Filter Cases,45
Electronics > Computers & Accessories > Computer Accessories & Peripherals > Blank Media > DVD-RW,44
Electronics > Wearable Technology > Smart Clip Accessories,44
Electronics > Computers & Accessories > Computer Accessories & Peripherals > Hard Drive Accessories > Docking Stations,44
Electronics > Car & Vehicle Electronics > Vehicle Electronics Accessories > Audio & Video Accessories > Power Adapters,44
Electronics > Home Audio > Wireless & Streaming Audio,44
Electronics > eBook Readers & Accessories > Power Adapters,43
Electronics > Camera & Photo > Video > Camera Supports & Stabilizers > Camera Shoulder Supports,43
Electronics > Television & Video > Accessories > Cables > Component Cables,43
Electronics > Television & Video > Accessories > Cleaning > Disc Cleaners,43
Electronics > Camera & Photo > Tripods & Monopods > Tripod Legs,43
Electronics > Bluetooth > Cell Phone Headsets,43
Electronics > eBook Readers & Accessories > Sleeves,42
Electronics > Security & Surveillance > Accessories > IR Illuminators,42
Electronics > Computers & Accessories > Computer Components > Internal Components > Fans & Cooling > Thermal Paste & Pads > Thermal Pads,42
Electronics > Camera & Photo > Film Photography > Film Cameras > SLR Cameras,42
Electronics > Computers & Accessories > Computer Accessories & Peripherals > Media Storage > Media Storage Sleeves,41
"Electronics > Computers & Accessories > Computer Accessories & Peripherals > Keyboards, Mice & Accessories > Keyboard & Mice Accessories",40
Electronics > Television & Video > Satellite Television > Satellite Dishes,40
Electronics > eBook Readers & Accessories > Skins,40
Electronics > Camera & Photo > Accessories > Darkroom Supplies > Film Processing Equipment,40
Electronics > Car & Vehicle Electronics > Car Electronics > Car Safety & Security,40
"Electronics > GPS, Finders & Accessories",39
Electronics > Car & Vehicle Electronics > Car Electronics > Car Audio > Speakers,39
Electronics > Computers & Accessories > Laptop Accessories > Mounts,39
Electronics > Camera & Photo > Video > Quadcopters & Accessories,39
Electronics > Computers & Accessories > Computer Accessories & Peripherals > Cables & Accessories > Cables & Interconnects > Mini-SAS Cables,38
Electronics > Computers & Accessories > Computer Components > Internal Components > I/O Port Cards > Serial Port Cards,38
Electronics > Computers & Accessories > Networking Products > Mobile Broadband Devices,37
Electronics > Camera & Photo > Lighting & Studio > Light Meters & Accessories > Grey Cards,37
Car & Vehicle Electronics > Vehicle Electronics Accessories > Vehicle Audio & Video Installation > Amplifier Installation > Battery Wiring & Terminals,37
Electronics > Home Audio > Home Audio Accessories > Speaker Accessories,36
Electronics > Computers & Accessories > Computer Accessories & Peripherals > Memory Card Accessories,36
Car & Vehicle Electronics > Vehicle Electronics Accessories > Vehicle Audio & Video Installation > Speaker Installation > Speaker Wire Connectors,36
Electronics > Computers & Accessories > Computer Components > External Components,36
Electronics > 3P ASINs 1400,36
Electronics > Camera & Photo > Binoculars & Scopes > Telescopes > Catadioptric,36
"Electronics > FREE One-Day Shipping in TV, Video & Audio with your Citi Card",36
Electronics > Electronics & Wireless Outlet,35
Electronics > Computers & Accessories > Computer Accessories & Peripherals > Blank Media > Data Cartridges,35
Electronics > Computers & Accessories > Computer Components > External Components > Optical Drives,35
Electronics > Computers & Accessories > Computer Accessories & Peripherals > Cables & Accessories > Cables & Interconnects > Ethernet Cables > Cat 5 Cables,35
Electronics > Camera & Photo > Underwater Photography,34
Electronics > Camera & Photo > Lighting & Studio > Photo Studio > Storage & Presentation Materials > Archival Boxes,34
Electronics > Portable Audio & Video > CB & Two-Way Radios > Accessories,34
Electronics > Home Audio > Compact Radios & Stereos > Shower Radios,33
Electronics > Car & Vehicle Electronics > Vehicle Electronics Accessories > Audio & Video Accessories > Remote Controls,33
"Electronics > Camera & Photo > Lighting & Studio > Photo Studio > Storage & Presentation Materials > Slide, Negative & Print Pages",33
Electronics > Television & Video > DVD Players & Recorders,33
Electronics > Camera & Photo > Accessories > Filters & Accessories > Infrared Filters,31
"Electronics > Television & Video > Accessories > TV Mounts, Stands & Turntables",31
Electronics > Computers & Accessories > Computer Accessories & Peripherals > USB Gadgets,31
Electronics > Computers & Accessories > Computer Accessories & Peripherals > Cables & Accessories > Cables & Interconnects > Modem Cables,31
Electronics > Computers & Accessories > Laptop Accessories > Cooling Pads & External Fans,31
Electronics > Camera & Photo > Film Photography > Film Cameras,31
Electronics > Computers & Accessories > Computer Accessories & Peripherals > Memory Cards > xD-Picture Cards,31
Electronics > Home Audio > Home Theater,30
Electronics > Camera & Photo > Accessories > Cleaning Equipment,30
Electronics > Car & Vehicle Electronics > Marine Electronics > Marine Stereos,30
Electronics > Camera & Photo > Accessories > Telescope & Microscope Accessories > Microscope Accessories > Lenses,30
Electronics > Car & Vehicle Electronics > Vehicle Electronics Accessories > Vehicle Audio & Video Installation > Speaker Installation > Speaker Wire,30
Electronics > Television & Video > Accessories > Satellite Equipment > Mounting Accessories > Satellite Dish Mounts,29
Electronics > eBook Readers & Accessories > Screen Protectors,29
"Electronics > Computers & Accessories > Tablet Accessories > Bags, Cases & Sleeves > Bags",29
Electronics > Television & Video > Accessories > Satellite Equipment > Mounting Accessories > Satellite Finders,29
Electronics > Camera & Photo > Accessories > Filters & Accessories > Color Correction & Compensation Filters,29
Electronics > Power Accessories > Line Conditioners,29
Electronics > Camera & Photo > Lighting & Studio > Photo Studio > Storage & Presentation Materials > Portfolios,28
Electronics > Camera & Photo > Binoculars & Scopes,28
Electronics > Amazon Cloud Drive T&C Offer,28
Electronics > Camera & Photo > Accessories > Camcorder Accessories,28
Electronics > Camera & Photo > Film Photography > Film Cameras > Single-Use Cameras,27
Electronics > Camera & Photo > Film Photography,27
Electronics > Camera & Photo > Underwater Photography > Underwater Lighting > Continuous Lights,26
Electronics > Camera & Photo > Film Photography > Film Cameras > Point & Shoot Film Cameras,26
"Electronics > GPS, Finders & Accessories > Trucking GPS",26
Electronics > Security & Surveillance > Surveillance Video Equipment,26
Electronics > Computers & Accessories > Warranties & Services > Computer Equipment Warranties,26
Electronics > Electronics International Versions,26
"Electronics > Household Batteries, Chargers & Accessories",26
Electronics > Home Audio > Stereo System Components > CD & Tape Players > Tape Decks,26
Electronics > Portable Audio & Video > CB & Two-Way Radios > CB Radios & Scanners,26
Electronics > Electronics Gift Guide - Top Tech for Gifting > Otter Products Holiday Electronics Store > OtterBox Brand Store,25
Electronics > Camera & Photo > Video > Body Mounted Cameras,25
Electronics > Computers & Accessories > Computer Accessories & Peripherals > Blank Media > CD-RW,25
Electronics > Car & Vehicle Electronics > Vehicle Electronics Accessories > Vehicle Audio & Video Installation > Amplifier Installation > Fuse Holders,25
Electronics > Camera & Photo > Accessories > Telescope & Microscope Accessories > Telescope Accessories > Remote Controls,25
Electronics > Camera & Photo > Accessories > Telescope & Microscope Accessories > Telescope Accessories > Dew Caps,24
Electronics > Accessories & Supplies > Power Strips & Surge Protectors,24
Electronics > Television & Video > Accessories > Projector Accessories > Projector Bags & Cases,24
Electronics > Camera & Photo > Lighting & Studio > Light Meters & Accessories > Color Calibration Charts,24
Car & Vehicle Electronics > Vehicle Electronics Accessories > Vehicle Audio & Video Installation > Speaker Installation > Speaker Wiring Harnesses,24
Electronics > Computers & Accessories > Tablet Replacement Parts > LCD Displays,24
Electronics > Camera & Photo > Accessories > Telescope & Microscope Accessories > Telescope Accessories > Barlow Lenses,24
Electronics > Portable Electronics for Mother's Day > MP3 Players & Accessories > MP3 Player Accessories > Cases,24
Electronics > Computers & Accessories > Computer Accessories & Peripherals > Cables & Accessories > Cables & Interconnects > PS/2 Cables,24
Electronics > Car & Vehicle Electronics > Marine Electronics > Marine Antennas,23
Amazon Devices & Accessories > Amazon Device Accessories > Covers,23
Electronics > eBook Readers & Accessories > Bundles,23
Electronics > Camera & Photo > Accessories > Batteries & Chargers > Batteries,23
Electronics > Wearable Technology: Running Watches & Devices,23
Electronics > Kodak > All,23
Electronics > Camera & Photo > Accessories > Camcorder Accessories > Screen Protector Foils,22
Electronics > PC Part Finder,22
Electronics > New Arrivals - Electronics,22
Electronics > Camera & Photo > Bags & Cases > Telescope Cases,22
Electronics > Home Audio > Home Audio Accessories > Speaker Parts & Components > Grill Cloth,21
Electronics > Car & Vehicle Electronics > Vehicle Electronics Accessories > Vehicle Audio & Video Installation > Speaker Installation,21
Electronics > Television & Video > Accessories > Cables > Composite Cables,21
Electronics > Computers & Accessories > Computer Accessories & Peripherals > Cleaning & Repair,21
Electronics > Computers & Accessories > Computer Components > Internal Components > I/O Port Cards > Parallel Port Cards,21
Amazon Devices & Accessories > Amazon Device Accessories,20
Electronics > Home Audio > Home Audio Accessories > Home Audio Crossovers & Parts,20
Electronics > Home Audio > Home Theater > Receivers & Amplifiers,20
Electronics > Camera & Photo > Lenses > Camcorder Lenses,20
Electronics > iPad Accessories > Styluses,20
Electronics > Camera & Photo > Accessories > Lens Accessories > Matte Boxes,19
"Electronics > FREE Two-Day Shipping in Camera, Photo & Video",19
Electronics > Camera & Photo > Binoculars & Scopes > Microscopes > Compound Microscopes > Compound Binocular Microscopes,19
Electronics > Computers & Accessories > Computer Accessories & Peripherals > Cables & Accessories > Cables & Interconnects > Parallel Cables,19
Electronics > Computers & Accessories > Computer Accessories & Peripherals > Blank Media > Floppy Diskettes,19
Electronics > Portable Audio & Video > Portable Speakers & Docks,19
Electronics > Adzinia CE Node,19
Electronics > Computers & Accessories > Laptop Accessories > Cooling Pads & External Fans > External Cooling Fans,19
Electronics > Computers & Accessories > Computer Accessories & Peripherals > Blank Media > DATs,19
Electronics > Computers & Accessories > Computer Accessories & Peripherals > Audio & Video Accessories > Webcams & VoIP Equipment > Stands,18
Electronics > Camera & Photo > Lighting & Studio > Lighting > Barn Doors,18
Electronics > Computers & Accessories > Computer Components > Internal Components > I/O Port Cards,18
Electronics > Camera & Photo > Accessories > Darkroom Supplies > Chemicals,18
Electronics > Camera & Photo > Accessories > Telescope & Microscope Accessories > Telescope Accessories > Motor Drives,18
Electronics > Pyle,18
Electronics > Electronics Top Holiday Deals,17
Electronics > Wearable Technology > Arm & Wristband Accessories > Cables,17
Electronics > Car & Vehicle Electronics > Marine Electronics > Marine Amplifiers,17
"Electronics > GPS, Finders & Accessories > GPS System Accessories > Traffic Message Channel (TMC) Receiver Modules",17
Electronics > Computers & Accessories > Laptop Accessories > Skins & Decals > Skins,17
Electronics > Computers & Accessories > Computers & Tablets > Laptops,17
Electronics > Computers Low Return Rate Alert,17
Electronics > Gifts,17
Electronics > Television & Video > Accessories > RF Modulators,17
Electronics > Camera & Photo > Tripods & Monopods > Tabletop & Travel Tripods,16
Electronics > Home Audio > Home Audio Accessories > Speaker Parts & Components > Carpet & Vinyl,16
Electronics > Camera & Photo > Binoculars & Scopes > Microscopes > Compound Microscopes > Compound Trinocular Microscopes,16
Electronics > Computers & Accessories > Computer Components > Internal Components > Internal Memory Card Readers,16
Electronics > Computers & Accessories > Computer Accessories & Peripherals > Computer Cable Adapters > Firewire Adapters,16
Electronics > Amazon Locker Eligible Camera Products,16
Electronics > Camera & Photo > Lighting & Studio > Lighting > Flash Tubes,15
Electronics > V4 Customers Keep It - 30%,15
"Electronics > Household Batteries, Chargers & Accessories > Battery & Charger Sets",15
Electronics > Camera & Photo > Accessories > Cleaning Equipment > Compressed Air,15
Electronics > Car & Vehicle Electronics > Vehicle Electronics Accessories > Vehicle Audio & Video Installation > Amplifier Installation > Heat-Shrink Tubing,15
Electronics > Car & Vehicle Electronics > Marine Electronics,15
Electronics > Home Audio > Compact Radios & Stereos,14
Electronics > ASUS PC > Monitors > 20-25.9 Inches,14
Electronics > Portable Audio & Video > Minidisc Players,14
Electronics > Camera & Photo > Accessories > Filters & Accessories > Filter Accessories > Step-Down Rings,14
Electronics > Television & Video > Blu-ray Players & Recorders,14
Electronics > Camera & Photo > Underwater Photography > Underwater Lighting,14
Electronics > Computers & Accessories > Computer Accessories & Peripherals > Blank Media > BD-RE,14
Electronics > Electronics Gift Guide - Top Tech for Gifting > Otter Products Holiday Electronics Store > LifeProof Brand Store,14
Electronics > Car & Vehicle Electronics > Vehicle Electronics Accessories > Installation Services,14
Electronics > Security & Surveillance Product Finder > Network Cameras > Wireless,14
Electronics > Discover Holiday - MP3 & Media Players,14
Electronics > Home Audio > Stereo System Components > Tuners,14
Electronics > Home Audio > Stereo System Components,13
Electronics > Bose Store > Accessories,13
Electronics > Camera & Photo > Accessories > Cleaning Equipment > Brushes,13
Electronics > Drone Store | Accessories,13
Electronics > eBook Readers & Accessories > Power Cables,12
Electronics > Home Audio > Home Theater > Phono Preamps,12
Electronics > Accessories & Supplies > Office Electronics Accessories,12
Electronics > V4 Customers Keep It - 50%,12
Electronics > Cell Phones & Accessories,12
Electronics > Car & Vehicle Electronics > Vehicle Electronics Accessories > Vehicle Audio & Video Installation > Amplifier Installation > Interconnect Cables,12
Electronics > Camera & Photo > Lighting & Studio > Lighting > Strobe Lighting > Slaves,12
Electronics > Television & Video > Accessories > VCR Rewinders,12
Electronics > Home Audio > Home Theater > Equalizers,12
Electronics > Computers & Accessories > Computer Accessories & Peripherals > Memory Cards > SmartMedia Cards,12
Electronics > Bluetooth > Connectivity,12
Electronics > Camera & Photo > Video > Camera Supports & Stabilizers > Camera Cranes,11
Electronics > AmazonBasics Accessories > Phone & Tablet Accessories > Apple Accessories > Bluetooth Speakers,11
Electronics > Camera & Photo > Lighting & Studio > Lighting > Lighting Controls & Modifiers,11
Electronics > Gaming Accessories > Accessories & Peripherals > Gaming Mice,11
Electronics > Computers & Accessories > Computer Accessories & Peripherals > Audio & Video Accessories > Webcams & VoIP Equipment > Mounts,11
Electronics > Camera & Photo > Accessories > Darkroom Supplies,11
Electronics > Heavy Items,11
Electronics > Canon > Accessories > Camera Accessories > Other Accessories,11
Electronics > Car & Vehicle Electronics > Car Electronics > Car Audio > Subwoofers,11
Electronics > Gaming Accessories > Accessories & Peripherals > Gaming Mice > Razer,11
Electronics > Security & Surveillance > Surveillance Video Equipment > Video Multiplexers & Quads,10
Electronics > Camera & Photo > Accessories > Telescope & Microscope Accessories,10
Electronics > Computers & Accessories > Computer Accessories & Peripherals > Audio & Video Accessories > Webcams & VoIP Equipment,10
Electronics > Camera & Photo > Video > Professional Video Cameras,10
Electronics > Camera & Photo > Accessories > Filters & Accessories > Graduated Color Filters,10
Electronics > Car & Vehicle Electronics > Aviation Electronics > Aviation GPS,10
Electronics > Bestselling Renewed Smartphones,10
Electronics > Wearable Technology > Rings,10
Electronics > Tech Accessories for Dads & Grads > Gifts for Grads > Headphones,10
Electronics > Camera & Photo > Accessories > Lens Accessories > Diopters,10
Electronics > Computers & Accessories > Computer Accessories & Peripherals > Computer Cable Adapters > Parallel Adapters,10
"Electronics > Television & Video > Accessories > TV Mounts, Stands & Turntables > TV Turntables",10
Electronics > Camera & Photo > Accessories > Telescope & Microscope Accessories > Microscope Accessories > Adapters,10
Electronics > Back to School Tech Accessories > MP3 Player Accessories > Headphones,10
Electronics > Discover Holiday - TV & Video,10
Electronics > Gaming Accessories > Accessories & Peripherals > Gamepads and Controllers > Mad Catz,10
Electronics > Camera & Photo > Accessories > Filters & Accessories > Filter Accessories,10
Electronics > Samsung > Monitors > 2014,10
Electronics > Nexus Tablet Accessories,9
Electronics > AmazonBasics Accessories > Phone & Tablet Accessories > Android Accessories > Stylus Pens,9
Electronics > PC Gaming & Accessories > PC Gaming Accessories > Headsets,9
Electronics > Portable Audio & Video > MP3 & MP4 Player Accessories > Bluetooth & FM Transmitters,9
Electronics > Camera & Photo > Lighting & Studio > Light Meters & Accessories,9
Electronics > Computers & Accessories > Computer Accessories & Peripherals > Cables & Accessories > Cables & Interconnects > Flat Ribbon Cables,9
Electronics > Accessories & Supplies > Telephone Accessories > Wireless Jack Systems,9
Electronics > Canon > Accessories > Camera Accessories > Electronic Flashes,9
Electronics > Camera & Photo > Accessories > Blank Video Media > Hi-8,9
Electronics > Computers & Accessories > Data Storage > External Zip Drives,9
Electronics > Canon > Accessories > Camera Accessories > Lenses & Filters > Filters,9
Electronics > Camera & Photo > Accessories > Darkroom Supplies > Photo Enlarging Paper,9
Amazon Devices & Accessories > Amazon Device Accessories under $20,8
Electronics > Camera & Photo > Video > Camera Supports & Stabilizers > Camera Chest Supports,8
Electronics > Accessories & Supplies > Telephone Accessories > Phone Cards,8
Electronics > Social Photography,8
Electronics > Computers & Accessories > Computer Components > Internal Components > Fans & Cooling > Thermal Paste & Pads,8
Electronics > Camera & Photo > Lighting & Studio > Photo Studio > Shooting Tables,8
Electronics > Camera & Photo > Accessories > Professional Video Accessories > VTR Decks,8
Amazon Devices & Accessories > Amazon Pro Portal,8
Electronics > Car & Vehicle Electronics > Car Electronics > Car Video > TV Tuners,8
Electronics > Computers & Accessories > Computer Accessories & Peripherals > Blank Media > DVD+RW,8
Electronics > Camera & Photo > Accessories > Telescope & Microscope Accessories > Telescope Accessories > Diagonals,8
Electronics > Hero Quick Promotion,8
Electronics > Camera & Photo > Binoculars & Scopes > Opera Glasses,8
Electronics > Tech Accessories,8
Electronics > Summer Colors for Tech Accessories > iPhone Cases,8
Electronics > High-Tech Stocking Stuffers,8
Electronics > Western Digital > External Hard Drives > Desktop > USB 2.0,8
Electronics > Car & Vehicle Electronics > Marine Electronics > Marine Subwoofers,8
Electronics > FREE One-Day Shipping on Select Electronics with your Discover Card,8
Electronics > AmazonBasics Accessories > Phone & Tablet Accessories > Android Accessories > Headphones,8
Electronics > Home Audio > Home Audio Accessories > Speaker Parts & Components > Port Tubes,8
Electronics > FREE One Day Shipping with Citi-Electronics On the Go,8
Electronics > Computers & Accessories Overstock Event > Computer & Tablet Accessories,8
Electronics > Canon > All Canon,8
Electronics > Computers & Accessories > Computer Accessories & Peripherals > Cleaning & Repair > DLT Cleaning Cartridges,8
Electronics > Gift Ideas > Portable Audio & Accessories Holiday Deals,8
Electronics > JVC > Camcorders > Digital Camcorders > MiniDV,8
Electronics > Portable Audio & Video > MP3 & MP4 Player Accessories > Remote Controls,8
Electronics > Computers & Accessories > Computer Components > Internal Components > Internal Optical Drives,8
Electronics > Gaming Accessories > Accessories & Peripherals > Gaming Keyboards > Razer,8
Electronics > Camera & Photo > Lighting & Studio > Photo Studio > Copying Equipment,8
Electronics > Computers & Accessories > Tablet Replacement Parts,7
Electronics > Camera & Photo > Accessories > Darkroom Supplies > Light Boxes & Loupes > Loupes,7
Electronics > Portable Audio & Video > MP3 & MP4 Player Accessories > Cables,7
Electronics > Cool & Quirky Tech Accessories,7
Electronics > Camera & Photo > Lenses > Camera & Camcorder Lens Bundles,7
Electronics > Camera & Photo > Accessories > Slide Projectors,7
Electronics > Car & Vehicle Electronics > Marine Electronics > Radar Systems,7
Electronics > Computers & Accessories > Computer Accessories & Peripherals > Hard Drive Accessories > Mounting Brackets,7
Electronics > Camera & Photo > Accessories > Telescope & Microscope Accessories > Telescope Accessories > Guiders & Wedges,7
Electronics > Entertainment Networking > TV on the Go,7
Electronics > Home Audio > Home Audio Accessories > Blank Media > MiniDiscs,7
Electronics > Scosche,7
Amazon Devices & Accessories > Amazon Device Accessories > Power Supplies & Chargers,7
Electronics > Tech Accessories for Dads & Grads > Gifts for Grads,7
Electronics > Portable Audio & Video > CB & Two-Way Radios > CB Radios & Scanners > Handheld CB Radios,7
Electronics > Camera & Photo > Video Surveillance > Surveillance Accessories,7
Electronics > Television & Video > Accessories > CD & DVD Racks,6
Electronics > Truck & RV Electronics Store,6
Electronics > Camera & Photo > Underwater Photography > Underwater Lighting > Parts & Accessories,6
Electronics > PC & Camera Outlet,6
Electronics > Canon > Multifunction Devices,6
Electronics > Camera & Photo > Lighting & Studio > Lighting > Strobe Lighting,6
Electronics > Car & Vehicle Electronics > Vehicle Electronics Accessories > Vehicle Audio & Video Installation > Speaker Installation > Bass Blockers,6
Electronics > Computers & Accessories > Computer Accessories & Peripherals > USB Gadgets > USB Beverage Warmers,6
Electronics > Car & Vehicle Electronics > Vehicle Electronics Accessories > Vehicle Audio & Video Installation > Speaker Installation > Speaker Boxes,6
"Electronics > Deep Discounts in Camera, Photo & Video",6
Electronics > Home Audio > Home Audio Accessories > Speaker Parts & Components > Handles,6
Electronics > Canon > Accessories > Camera Accessories > Lenses & Filters,6
Electronics > Home Audio > Stereo System Components > CD & Tape Players > CD Recorders,6
Electronics > Electronics Emergency Preparedness,6
Electronics > Computers & Accessories > Computer Components > Internal Components > Internal Modems,6
Electronics > 4th of July Deals 2013-Electronics On the Go,6
Electronics > Wearable Technology 1.0,6
Electronics > Samsung Tablet Accessories,6
Electronics > Camera & Photo > Lighting & Studio,6
Electronics > Camera & Photo > Film Photography > Film Cameras > Medium & Large-Format Cameras,5
Electronics > Computers & Accessories > Networking Products > Device Servers,5
Electronics > Home Audio > Stereo System Components > CD & Tape Players,5
Electronics > Television & Video > HD DVD Players,5
Electronics > Video Game Consoles & Accessories,5
Electronics > Accessories & Supplies > Cables,5
Electronics > Computers & Accessories > Warranties & Services > Service Plans > Computers,5
Electronics > Camera & Photo > Accessories > Blank Video Media,5
Electronics > Car & Vehicle Electronics > Car Electronics > Car Audio > Changers,5
Electronics > Computers & Accessories > Computer Accessories & Peripherals > Hard Drive Accessories > Caddies,5
Electronics > Television & Video > Accessories > Projector Accessories > Remote Controls,5
Electronics > Car & Vehicle Electronics > Car Electronics > Car Audio > Speakers > Kick-Panel Enclosures,5
Electronics > New Arrivals - Electronics > Video Games,5
Electronics > Wearable Technology: Fitness & Wellness,5
Electronics > Camera & Photo > Accessories > Telescope & Microscope Accessories > Microscope Accessories,5
Amazon Devices & Accessories > Amazon Device Accessories > Bases & Stands,5
Electronics > Gaming Accessories > Accessories & Peripherals > Gaming Keyboards,5
Electronics > iPad Air 2 & iPad mini 3 Accessories > Styluses,5
Electronics > Camera & Photo > Accessories > Cleaning Equipment > Liquid Cleaners,5
Electronics > Service Plans > Electronics > Televisions,5
Electronics > Tablet PCs,5
Electronics > Contour > Accessories and Mounts > Biking,5
Electronics > Gaming Accessories > Accessories & Peripherals > Computer Headsets and Mics > SteelSeries,5
Electronics > New in Electronics,5
Electronics > Portable Audio & Video > MP3 & MP4 Player Accessories > Skins & Decals,5
Electronics > Portable Electronics for Mother's Day > Sports & Vehicle GPS > Vehicle GPS,5
Electronics > Gifts for Dads & Grads in Electronics,5
Electronics > Portable Electronics for Mother's Day > Sports & Vehicle GPS > Sports GPS,5
Electronics > New Arrivals - Electronics > Home Entertainment,4
Electronics > Car & Vehicle Electronics > Aviation Electronics > Aviation Handheld Radios,4
Electronics > Camera & Photo > Video > Camera Supports & Stabilizers > Camera Cine Dollies,4
Amazon Devices & Accessories > Amazon Device Accessories > Screen Protectors,4
Electronics > Touchscreen Laptops,4
Electronics > Computers and Accessories Quantity Pricing,4
Electronics > OnePlus,4
Electronics > Camera & Photo > Video Surveillance > Installation Services,4
Electronics > Camera & Photo > Accessories > Tripod & Monopod Accessories > Center Columns,4
Electronics > Protective Tablet Accessories > Cases > Samsung Note 10.1,4
Amazon Devices & Accessories > Amazon Device Accessories > Styluses,4
Electronics > Fall Outlet Event in Computers & Accessories > Desktops,4
Electronics > Summer is Coming in Tech Accessories,4
Electronics > Gaming Accessories > Accessories & Peripherals > Computer Headsets and Mics > Razer,4
Electronics > Camera & Photo > Accessories > Blank Video Media > VHS-C,4
Electronics > Computers & Accessories > Computer Accessories & Peripherals > Blank Media > DVD-RAM,4
Electronics > Computers & Accessories > Computer Accessories & Peripherals > Media Storage,4
Electronics > Camera & Photo > Accessories > Darkroom Supplies > Safelights,4
Electronics > eBook Readers & Accessories > Stands,4
Electronics > Western Digital > External Hard Drives > Desktop > FireWire,4
Electronics > Computers & Accessories > Tablet Accessories > Screen Filters,4
Electronics > Star Wars Day Tech Gadgets,4
Amazon Devices & Accessories > Amazon Device Accessories > Sleeves,4
Electronics > Electronics Gift Guide - Top Tech for Gifting,4
Electronics > Car & Vehicle Electronics > Vehicle Electronics Accessories > Vehicle Audio & Video Installation > Speaker Installation > Carpet,4
Electronics > Car & Vehicle Electronics > Marine Electronics > Marine Autopilots,4
Electronics > Television & Video > Accessories > Satellite Equipment > Mounting Accessories,4
Electronics > Optoma Projectors,3
Electronics > Tech Accessories for Dads & Grads > Gifts for Dads > Tablet & Computer Accessories,3
Electronics > Tech Accessories for Dads & Grads > Gifts for Dads > Travel Essentials,3
Amazon Devices & Accessories > Amazon Device Accessories > Mounts,3
Electronics > iPad Accessory Starter Kit > Screen Protectors > iPad,3
Amazon Devices & Accessories > Amazon Devices > Device Bundles > Echo Smart Speaker & Display Bundles,3
Electronics > Premium TV & Audio,3
"Electronics > Tablet Keyboards, Stands, & Styluses > Keyboards > iPad",3
Electronics > Gaming Accessories > Accessories & Peripherals > Gamepads and Controllers > Logitech,3
"Electronics > Tablet Keyboards, Stands, & Styluses > Keyboards > iPad mini",3
Electronics > ASUS PC > Monitors > 16-20 Inches,3
Electronics > Tech Accessories for Dads & Grads > Gifts for Dads,3
Electronics > Camera & Photo > Film Photography > Film Cameras > Specialty Film Cameras,3
Electronics > Computers & Accessories > Computer Accessories & Peripherals > Cables & Accessories > Cables & Interconnects > SCSI Cables,3
Electronics > V4 Customers Keep It - 70%,3
Electronics > Car & Vehicle Electronics > Aviation Electronics,3
Electronics > Computers & Accessories > Computer Accessories & Peripherals > Blank Media > Zip Media,3
Electronics > Kodak > Accessories > All,3
Electronics > Traditional Audio,3
"Electronics > New Year, New Tech Gear Electronics On the Go",3
Electronics > Sound Storm Dynamic Coop,3
Electronics > Computers & Accessories > Computer Accessories & Peripherals > Computer Cable Adapters > SCSI Adapters,3
Electronics > June Audio Month Featured Deals,3
"Electronics > Wearable Technology: Family, Kids & Pets",3
Electronics > Gear for the Urban Commuter,3
Electronics > Tech Accessories for Dads & Grads > Gifts for Dads > Bluetooth Headsets,3
Electronics > Meet Windows 8 > Featured Windows 8 PCs,3
Amazon Devices & Accessories > Amazon Devices,3
Amazon Devices & Accessories > Amazon Device Accessories > Remote Controls,3
Electronics > Computers & Accessories > Computer Accessories & Peripherals > Game Hardware,3
Electronics > Kids Character Cameras,3
Electronics > Buy Samsung at as low as 0% APR,3
Electronics > Canon > Accessories > Camera Accessories > Batteries & Chargers,3
Electronics > Car & Vehicle Electronics > Car Electronics > Car Video > In-Visor Video,3
Electronics > Bounceback,2
Electronics > AmazonBasics Accessories > Phone & Tablet Accessories > Android Accessories > Tablet Stands,2
Electronics > iPad Accessory Starter Kit > Styluses,2
Electronics > Wearable Technology > Virtual Reality,2
Electronics > Television & Video > Satellite Television > Systems,2
Amazon Devices & Accessories > Amazon Devices > Smart Home Security & Lighting > Smart Plugs,2
Electronics > New iPod Accessories,2
Electronics > Samsung > Tablets,2
Electronics > New Arrivals - Electronics > Camera,2
Electronics > Sandisk Dynamic Coop,2
Electronics > Gaming Accessories > Accessories & Peripherals > Gaming Mice > Corsair,2
Electronics > 12-Month Financing on Computers,2
Electronics > Computers & Accessories Overstock Event > PC Components,2
Electronics > Camera & Photo > Underwater Photography > Underwater Lighting > Strobes & Flashes,2
Electronics > 2014 Samsung Holiday TV Deals,2
Electronics > ASUS Transformer Tablet Accessories,2
Electronics > Car Electronics for College,2
Electronics > Innovative Gadget Gifts for Techies,2
Electronics > Home Audio > Home Audio Accessories > Speaker Parts & Components > Subwoofer Kits,2
Electronics > Canon > Accessories > Office Electronics Accessories > Other Accessories,2
Electronics > Canon > Accessories > Camera Accessories > Cables,2
Electronics > Camera & Photo > Lighting & Studio > Photo Studio > Storage & Presentation Materials > Archival Storage Binders,2
Electronics > Camera & Photo > Accessories > Digital Camera Accessories > Docking Stations,2
Electronics > Metra Dynamic Coop,2
Electronics > Entertainment Networking > Network Media Players & Storage,2
"Electronics > Big Markdowns in TV, Video & Audio",2
Electronics > Midland Dynamic Coop,2
Electronics > HP > HP Inkjet Printers > HP Single-Function Inkjet Printers,2
Electronics > Service Plans > Electronics,2
Electronics > Camera & Photo > Film Photography > Film Cameras > Rangefinder Cameras,2
Electronics > Western Digital > External Hard Drives > Desktop > USB 3.0/2.0,2
Electronics > Electronics Holiday Shopping,2
Electronics > Free Photo Book,2
Electronics > HP > HP LaserJet Printers > HP Monochrome LaserJets,2
Electronics > Gaming Accessories > Accessories & Peripherals > Gamepads and Controllers > Razer,2
Electronics > Summer Road Trip-Electronics On the Go,2
Electronics > Gaming Accessories > Accessories & Peripherals > Gaming Keyboards > Corsair,2
Electronics > Sony PC > Ultrabooks > Pro Series Ultrabooks,2
Electronics > Accessories & Supplies > Office Electronics Accessories > Presentation Supplies,2
Electronics > Security & Surveillance Product Finder > Network Cameras > Power-Over-Ethernet,2
Electronics > Featured iPad Accessories,2
Electronics > AmazonBasics Accessories > Phone & Tablet Accessories > Data Cables & Chargers > Apple,2
Electronics > Wearable Technology: Smart Tracking,2
Electronics > Computers & Accessories Overstock Event,2
Electronics > Dell Monitor Promotion,2
Amazon Devices & Accessories > Amazon Device Accessories > Adapters & Connectors,2
Electronics > Wearable Technology > Arm & Wristband Accessories > Cases with Band,2
Electronics > Bestselling Renewed Home Entertainment,2
Electronics > AmazonBasics Accessories > Phone & Tablet Accessories > Android Accessories > Data Cables & Chargers,2
Car & Vehicle Electronics > Vehicle Electronics Accessories > Vehicle Audio & Video Installation > Amplifier Installation > Power-Distribution Components,2
Electronics > Spring Cleaning in Electronics Accessories,2
Electronics > New Arrivals - Electronics > Computers,2
Electronics > HP > HP Scanners,2
Electronics > Sony PC > Ultrabooks > Duo Series 2-in-1s Ultrabooks,2
Electronics > Amazon Unlimited Storage + Laptop Promotion,2
"Electronics > GPS, Finders & Accessories > Vehicle GPS > RV GPS",2
Electronics > Back to School-Electronics On the Go,2
Amazon Devices & Accessories > Amazon Devices > Smart Home Security & Lighting > Doorbells & Chimes,2
Electronics > SteelSeriesBD > Up to 47% off SteelSeries Prime Gaming Mouse,1
Electronics > Camera & Photo > Tripods & Monopods > Monopod Heads,1
Electronics > Portable Audio Spring Outlet,1
Electronics > Security & Surveillance Product Finder > Surveillance Camera Kits > 4-Camera Kits,1
Electronics > Renewed Phones,1
Electronics > 2 in 1 PCs > Detachables,1
Electronics > Camera & Photo > Binoculars & Scopes > Microscopes > Compound Microscopes,1
Electronics > Samsung Gift Ideas,1
Electronics > Celestron > Telescope Accessories,1
Electronics > Computers & Accessories > Computer Accessories & Peripherals > Cables & Accessories > Cable Connection Protectors,1
Electronics > Nokia Lumia 635 DOTD,1
Electronics > HP > HP Laptops,1
Electronics > Devices with Enhanced Amazon Instant Video Viewing Experience,1
Electronics > Big Savings in Home Audio & Headphones,1
Electronics > Dell Accessories > Dell Tablet Accessories,1
Electronics > Camera & Photo > Printers & Scanners,1
Electronics > Olympus > Accessories,1
Electronics > Accessories & Supplies > Office Electronics Accessories > Presentation Supplies > Binding Machine Supplies,1
Electronics > Sony > All Sony Camera & Photo,1
Electronics > Olympus > All Camera & Photo,1
Electronics > Intel Components > Processors,1
Electronics > Nikon > Accessories,1
Electronics > Toshiba,1
Electronics > iPad Air Accessories,1
Electronics > Traditional Camcorders,1
Electronics > HP > HP PC Accessories > HP Laptop Sleeves,1
Electronics > LG,1
Electronics > Flip Video > Flip Video Accessories > Designed for Flip,1
Electronics > Home Theater Projectors,1
Electronics > iPad Air 2 & iPad mini 3 Accessories > Cases & Covers,1
Electronics > Toshiba > Toshiba Netbook Accessories,1
Electronics > Contour > Cameras,1
Electronics > Qualifying Audible Devices,1
Electronics > Fitness GPS Accessories from Garmin,1
Electronics > Toshiba > Toshiba Laptops,1
Electronics > Pyle Electronics Father's Day Deals > Musical Instruments,1
Electronics > Samsung Tablet Accessory Starter Kit > Screen Protectors > Tab 2 10.1,1
"Electronics > Deal of the Day | New Year, New Tech Gear",1
Electronics > Valentine's Day,1
Electronics > GoPro Accessories,1
Electronics > Protective Tablet Accessories > Screen Protectors > Samsung Tab 2 7.0,1
Electronics > Portable Audio & Video > MP3 & MP4 Player Accessories > Batteries & Battery Packs,1
Electronics > Protective Tablet Accessories > Screen Protectors > Samsung Note 8.0,1
Electronics > Camera & Photo > Lighting & Studio > Lighting > Power Packs,1
Electronics > Lenses,1
Electronics > Logitech Universal Remotes,1
Electronics > Security & Surveillance Product Finder > Digital Video Recorders > 8-Channel,1
Electronics > Deal of the Day: Up to 50% Off Select Tech Accessories,1
"Electronics > Tablet Keyboards, Stands, & Styluses > Styluses",1
Electronics > Wearable Technology: Wearables for Babies & Kids,1
Electronics > Select Favorites in Computer Accessories,1
Amazon Devices & Accessories > Amazon Device Accessories > Memory Cards,1
Electronics > Shop Dell Desktops,1
Electronics > iPad Pro Accessories,1
Electronics > Television & Video > Accessories > Projector Accessories > Lenses,1
Electronics > Wireless Components & Receivers,1
Electronics > Tech Accessories for Dads & Grads > Gifts for Dads > Headphones,1
Amazon Devices & Accessories > Amazon Devices > Smart Home Security & Lighting,1
Electronics > 6 Month Financing,1
Electronics > Featured Overstock in Mobile Electronics,1
Electronics > Camera & Photo > Video > Camera Supports & Stabilizers,1
Electronics > Celestron > Microscopes,1
Electronics > Apple Bands,1
Electronics > iPad Accessory Starter Kit > Cases > iPad,1
Electronics > Canon > Accessories > Camcorder Accessories,1
Electronics > Midland Two-Way & Emergency Radios,1
Electronics > Sennheiser Mics & Instrument Sets,1
Electronics > Deep Discounts in Portable Audio & Accessories,1
Electronics > Belkin Dynamic Coop,1
Electronics > Mother's Day Gifts in Electronics Accessories,1
Electronics > TomTom Dynamic Coop,1
Electronics > Electronics $5 Store,1
Electronics > Gaming PC,1
Electronics > Presidents Day Deals Electronics On the Go,1
"Electronics > Tablet Keyboards, Stands, & Styluses > Stands",1
Electronics > Computers & Accessories > Computer Components > Internal Components > Fans & Cooling > HDD Cooling Fans,1
Electronics > Home Audio Outlet,1
Electronics > Boston Acoustics Speakers,1
Electronics > Car & Vehicle Electronics > Car Electronics > Car Video > Surround Processors,1
Electronics > PC Gaming & Accessories > PC Games,1
Electronics > Canon > Printers,1
Electronics > Pioneer Elite,1
Electronics > PC Gaming,1
Electronics > Laptop Travel Accessories,1
Electronics > Popular Electronics,1
Electronics > Denon Receivers,1
Electronics > AmazonBasics Accessories > Phone & Tablet Accessories > Screen Protectors,1
Electronics > JVC > Camcorder Accessories,1
Electronics > Electronics Outlet,1
Electronics > Computer Accessories & Peripherals Deal of the Day,1
Electronics > Pyle Electronics Holiday Savings,1
Electronics > Emerging Technologies,1
"Electronics > 30% off on Caseology iPhone Cases for iPhone X, iPhone 8/7 and iPhone 8Plus/7Plus Smartphones",1
Electronics > AmazonBasics Accessories > Phone & Tablet Accessories > Android Accessories > Screen Protectors,1
Electronics > HP > HP Desktops,1
Car & Vehicle Electronics > Vehicle Electronics Accessories > Vehicle Audio & Video Installation > Amplifier Installation > Power-Distribution Kits,1
Electronics > Nikon > All,1
Electronics > Must-Have Gadgets for Summer Travel,1
Amazon Devices & Accessories > Amazon Devices > Smart Home Security & Lighting > Sensors,1
Electronics > Deep Discounts in Car Electronics and GPS & Navigation,1
Electronics > Security & Surveillance Product Finder > Surveillance Camera Kits > 8-Camera Kits,1
Electronics > HP > HP PC Accessories > HP Laptop Bags/Cases,1
Electronics > Car & Vehicle Electronics > Car Electronics > Car Audio > Speakers > Center-Channel Speakers,1
Electronics > Pentax > Accessories > Batteries & Adapters,1
Electronics > iPad Accessory Starter Kit > Cases > iPad mini,1
Electronics > iPad mini Accessories > Cases,1
Electronics > Contour > Accessories and Mounts > Hunting and Fishing,1
Electronics > Chromebook Savings,1
Electronics > JVC > Camcorders > Digital Camcorders > Microdrive,1
Electronics > Computers & Accessories > Warranties & Services,1
Electronics > PC Products > Monitors,1
Electronics > Back to School Tech Accessories > Bluetooth Speakers,1
Electronics > Gift Ideas > GPS & Navigation Holiday Deals,1
Electronics > Free One Day Shipping | Mobile Electronics,1
Electronics > HP > HP Projectors,1
Electronics > Fitness Headphones,1
Electronics > New Intel Powered ASUS Tablets,1
Electronics > Vivitar > Accessories,1
Electronics > Home Audio > Home Theater > Speakers,1
Amazon Devices & Accessories > Amazon Devices > Smart Home Security & Lighting > Alarm Systems,1
Electronics > Headphones & Components,1
Electronics > New Arrivals - Electronics > Audio and Accessories,1
Electronics > Radio & Clock Stocking Stuffers,1
Electronics > Acer Laptops & Desktops Event,1
Electronics > PC Gaming > Gaming Computers > Gaming Desktops,1
Electronics > 2 in 1 PCs > Convertibles,1
Electronics > MP3 Players with Android,1
Electronics > SkullcandyHeadphones,1
Electronics > Camera & Photo > Bags & Cases > Binocular Cases,1
"Electronics > Computers & Accessories > Computer Accessories & Peripherals > Keyboards, Mice & Accessories > Keyboard & Mice Accessories > Keycaps",1
Electronics > TV Accessories - Home,1
Amazon Devices & Accessories > Amazon Device Accessories > Home Security Decals & Signs,1
