parent,child,products_in_child
Electronics,"Tablet Keyboards, Stands, & Styluses",0
Electronics,Fall Outlet Event in Computers & Accessories,0
Electronics,Samsung Tablet Accessories,6
Electronics,iPad Pro Accessories,1
Electronics,HP,0
Electronics,Bluetooth,0
Electronics,Buy Samsung at as low as 0% APR,3
Electronics,Midland Two-Way & Emergency Radios,1
Electronics,Must-Have Gadgets for Summer Travel,1
Electronics,Free Photo Book,2
Electronics,Cell Phones & Accessories,12
Electronics,Vivitar,0
Electronics,Home Theater Projectors,1
Electronics,Samsung,0
Electronics,Sony,0
Electronics,Midland Dynamic Coop,2
Electronics,Dell Accessories,0
Electronics,Computers and Accessories Quantity Pricing,4
Electronics,Logitech Universal Remotes,1
Electronics,Sound Storm Dynamic Coop,3
Electronics,PC Products,0
Electronics,Wearable Technology: Fitness & Wellness,5
Electronics,OnePlus,4
Electronics,Apple Bands,1
Electronics,Gifts for Dads & Grads in Electronics,5
Electronics,Wearable Technology,110
Electronics,New in Electronics,5
Electronics,Protective Tablet Accessories,0
Electronics,Deal of the Day: Up to 50% Off Select Tech Accessories,1
Electronics,Bestselling Renewed Home Entertainment,2
Electronics,SteelSeriesBD,0
Electronics,Power Accessories,71
Electronics,Renewed Phones,1
Electronics,"Big Markdowns in TV, Video & Audio",2
Electronics,Pyle Electronics Holiday Savings,1
Electronics,Premium TV & Audio,3
Electronics,Heavy Items,11
Electronics,Emerging Technologies,1
Electronics,Gaming Accessories,0
Electronics,Electronics Gift Guide - Top Tech for Gifting,4
Electronics,ASUS PC,0
Electronics,Dell Monitor Promotion,2
Electronics,Deep Discounts in Car Electronics and GPS & Navigation,1
Electronics,Featured iPad Accessories,2
Electronics,TomTom Dynamic Coop,1
Electronics,Belkin Dynamic Coop,1
Electronics,Kodak,0
Electronics,Electronics Warranties,2283
Electronics,Western Digital,0
Electronics,Amazon Locker Eligible Camera Products,16
Electronics,Select Favorites in Computer Accessories,1
Electronics,Pentax,0
Electronics,Tablet PCs,5
Electronics,Sennheiser Mics & Instrument Sets,1
Electronics,"Wearable Technology: Family, Kids & Pets",3
Electronics,Sony PC,0
Electronics,Portable Audio & Video,238
Electronics,samsung_tradein,461
Electronics,GoPro Accessories,1
Electronics,Radio & Clock Stocking Stuffers,1
Electronics,Electronics $5 Store,1
Electronics,LG,1
Electronics,Televisions,229
Electronics,PC Part Finder,22
Electronics,Touchscreen Laptops,4
Electronics,Acer Laptops & Desktops Event,1
Electronics,Home Audio Outlet,1
Electronics,Mother's Day Gifts in Electronics Accessories,1
Electronics,Traditional Camcorders,1
Electronics,Kids Character Cameras,3
Electronics,Accessories & Supplies,135
Electronics,Gifts,17
Electronics,"Deep Discounts in Camera, Photo & Video",6
Electronics,"FREE Two-Day Shipping in Camera, Photo & Video",19
Electronics,Tech Accessories for Dads & Grads,0
Electronics,Service Plans,100
Electronics,Valentine's Day,1
Electronics,Wearable Technology: Wearables for Babies & Kids,1
Electronics,Olympus,0
Electronics,Laptop Travel Accessories,1
Electronics,2 in 1 PCs,0
Electronics,"Headphones, Earbuds & Accessories",260
Electronics,Boston Acoustics Speakers,1
Electronics,Electronics Holiday Shopping,2
Electronics,Video Game Consoles & Accessories,5
Electronics,Nokia Lumia 635 DOTD,1
Electronics,"New Year, New Tech Gear Electronics On the Go",3
Electronics,TV Accessories - Home,1
Electronics,Pioneer Elite,1
Electronics,June Audio Month Featured Deals,3
Electronics,2014 Samsung Holiday TV Deals,2
Electronics,Amazon Unlimited Storage + Laptop Promotion,2
Electronics,iPad Air Accessories,1
Electronics,Bounceback,2
Electronics,New iPod Accessories,2
Electronics,Home Audio,136
Electronics,Back to School Tech Accessories,0
Electronics,Pyle,18
Electronics,PC Gaming & Accessories,0
Electronics,Computer Accessories & Peripherals Deal of the Day,1
Electronics,Toshiba,1
Electronics,Innovative Gadget Gifts for Techies,2
Electronics,iPad mini Accessories,0
Electronics,Hero Quick Promotion,8
Electronics,Metra Dynamic Coop,2
Electronics,Qualifying Audible Devices,1
Electronics,Headphones & Components,1
Electronics,eBook Readers & Accessories,51
Electronics,Computers & Accessories Overstock Event,2
Electronics,Devices with Enhanced Amazon Instant Video Viewing Experience,1
Electronics,Electronics Top Holiday Deals,17
Electronics,Free One Day Shipping | Mobile Electronics,1
Electronics,SkullcandyHeadphones,1
Electronics,Wearable Technology: Smart Tracking,2
Electronics,Summer Road Trip-Electronics On the Go,2
Electronics,Bestselling Renewed Smartphones,10
Electronics,Electronics Emergency Preparedness,6
Electronics,Video Projectors,1707
Electronics,iPad Accessory Starter Kit,0
Electronics,Social Photography,8
Electronics,Nexus Tablet Accessories,9
Electronics,Portable Audio Spring Outlet,1
Electronics,Nikon,0
Electronics,Amazon Cloud Drive T&C Offer,28
Electronics,Samsung Gift Ideas,1
Electronics,4th of July Deals 2013-Electronics On the Go,6
Electronics,"30% off on Caseology iPhone Cases for iPhone X, iPhone 8/7 and iPhone 8Plus/7Plus Smartphones",1
Electronics,12-Month Financing on Computers,2
Electronics,Sandisk Dynamic Coop,2
Electronics,Intel Components,0
Electronics,Spring Cleaning in Electronics Accessories,2
Electronics,3P ASINs 1400,36
Electronics,Gaming PC,1
Electronics,Popular Electronics,1
Electronics,Security & Surveillance Product Finder,0
Electronics,Electronics Outlet,1
Electronics,Security & Surveillance,441
Electronics,High-Tech Stocking Stuffers,8
Electronics,Gift Ideas,0
Electronics,Scosche,7
Electronics,JVC,0
Electronics,3P ASINs 1500,82
Electronics,Portable Electronics for Mother's Day,0
Electronics,Computers & Accessories,1225
Electronics,Celestron,0
Electronics,Presidents Day Deals Electronics On the Go,1
Electronics,FREE One-Day Shipping on Select Electronics with your Discover Card,8
Electronics,"Deal of the Day | New Year, New Tech Gear",1
Electronics,Discover Holiday - TV & Video,10
Electronics,Deep Discounts in Portable Audio & Accessories,1
Electronics,Car & Vehicle Electronics,236
Electronics,Computers Low Return Rate Alert,17
Electronics,ASUS Transformer Tablet Accessories,2
Electronics,Meet Windows 8,0
Electronics,PC & Camera Outlet,6
Electronics,V4 Customers Keep It - 70%,3
Electronics,Wireless Components & Receivers,1
Electronics,Chromebook Savings,1
Electronics,New Intel Powered ASUS Tablets,1
Electronics,Fitness Headphones,1
Electronics,Featured Overstock in Mobile Electronics,1
Electronics,Back to School-Electronics On the Go,2
Electronics,Entertainment Networking,0
Electronics,iPad Accessories,0
Electronics,Adzinia CE Node,19
Electronics,Discover Holiday - MP3 & Media Players,14
Electronics,Summer is Coming in Tech Accessories,4
Electronics,Fitness GPS Accessories from Garmin,1
Electronics,Electronics & Wireless Outlet,35
Electronics,PC Gaming,1
Electronics,"Household Batteries, Chargers & Accessories",26
Electronics,V4 Customers Keep It - 50%,12
Electronics,Camera & Photo,1169
Electronics,V4 Customers Keep It - 30%,15
Electronics,Cool & Quirky Tech Accessories,7
Electronics,Pyle Electronics Father's Day Deals,0
Electronics,6 Month Financing,1
Electronics,Contour,0
Electronics,Shop Dell Desktops,1
Electronics,"GPS, Finders & Accessories",39
Electronics,New Arrivals - Electronics,22
Electronics,AmazonBasics Accessories,0
Electronics,Electronics International Versions,26
Electronics,Car Electronics for College,2
Electronics,Drone Store | Accessories,13
Electronics,Wearable Technology 1.0,6
Electronics,Gear for the Urban Commuter,3
Electronics,Samsung Tablet Accessory Starter Kit,0
Electronics,Truck & RV Electronics Store,6
Electronics,FREE One Day Shipping with Citi-Electronics On the Go,8
Electronics,Canon,0
Electronics,"FREE One-Day Shipping in TV, Video & Audio with your Citi Card",36
Electronics,Optoma Projectors,3
Electronics,Bose Store,0
Electronics,Summer Colors for Tech Accessories,0
Electronics,Flip Video,0
Electronics,MP3 Players with Android,1
Electronics,Wearable Technology: Running Watches & Devices,23
Electronics,Big Savings in Home Audio & Headphones,1
Electronics,Tech Accessories,8
Electronics,Denon Receivers,1
Electronics,iPad Air 2 & iPad mini 3 Accessories,0
Electronics,Traditional Audio,3
Electronics,Star Wars Day Tech Gadgets,4
Electronics,Lenses,106
Electronics,Television & Video,168
Computers & Accessories,Computer Components,134
Computers & Accessories,Computer Accessories & Peripherals,292
Computers & Accessories,Networking Products,265
Computers & Accessories,Laptop Accessories,286
Computers & Accessories,Data Storage,121
Computers & Accessories,Tablet Replacement Parts,7
Computers & Accessories,Warranties & Services,1
Computers & Accessories,Computers & Tablets,231
Computers & Accessories,Tablet Accessories,1822
Computers & Accessories,Monitors,2840
Computers & Accessories,Servers,61
Power Accessories,Line Conditioners,29
Power Accessories,PDUs,86
Power Accessories,Isolation Transformers,53
Power Accessories,AC Adapters,2276
Power Accessories,Power Converters,1224
Computer Accessories & Peripherals,Memory Cards,64
Computer Accessories & Peripherals,Media Storage,4
Computer Accessories & Peripherals,Cable Security Devices,51
Computer Accessories & Peripherals,Racks & Cabinets,249
Computer Accessories & Peripherals,Game Hardware,3
Computer Accessories & Peripherals,Hard Drive Accessories,51
Computer Accessories & Peripherals,Audio & Video Accessories,687
Computer Accessories & Peripherals,Cleaning & Repair,21
Computer Accessories & Peripherals,Memory Card Accessories,36
Computer Accessories & Peripherals,Input Devices,56
Computer Accessories & Peripherals,USB Hubs,1098
Computer Accessories & Peripherals,Computer Cable Adapters,506
Computer Accessories & Peripherals,Cables & Accessories,46
Computer Accessories & Peripherals,"Keyboards, Mice & Accessories",54
Computer Accessories & Peripherals,Monitor Accessories,203
Computer Accessories & Peripherals,Uninterruptible Power Supply (UPS),353
Computer Accessories & Peripherals,Blank Media,73
Computer Accessories & Peripherals,USB Gadgets,31
Cables & Accessories,Cables & Interconnects,588
Cables & Accessories,Cable Connection Protectors,1
Cables & Interconnects,Lightning Cables,2870
Cables & Interconnects,Serial Cables,118
Cables & Interconnects,VGA Cables,306
Cables & Interconnects,Firewire Cables,107
Cables & Interconnects,Ethernet Cables,160
Cables & Interconnects,Parallel Cables,19
Cables & Interconnects,Flat Ribbon Cables,9
Cables & Interconnects,DVI,315
Cables & Interconnects,USB Cables,6796
Cables & Interconnects,SCSI Cables,3
Cables & Interconnects,Thunderbolt Cables,172
Cables & Interconnects,Modem Cables,31
Cables & Interconnects,PS/2 Cables,24
Cables & Interconnects,SATA Cables,780
Cables & Interconnects,Mini-SAS Cables,38
Networking Products,Network Transceivers,177
Networking Products,Hubs,1333
Networking Products,Repeaters,593
Networking Products,Mobile Broadband Devices,37
Networking Products,Modem Router Combos,77
Networking Products,Routers,1438
Networking Products,Modems,274
Networking Products,Device Servers,5
Networking Products,Print Servers,86
Networking Products,Network Adapters,137
Networking Products,Network Antennas,365
Networking Products,Whole Home & Mesh Wi-Fi Systems,293
Networking Products,Wireless Access Points,493
Networking Products,Switches,747
"Headphones, Earbuds & Accessories",Headphones & Earbuds,1068
"Headphones, Earbuds & Accessories",Cases,20168
"Headphones, Earbuds & Accessories",Extension Cords,545
"Headphones, Earbuds & Accessories",Adapters,2460
"Headphones, Earbuds & Accessories",Earpads,2249
"Headphones, Earbuds & Accessories",Amplifiers,1274
Headphones & Earbuds,Earbud Headphones,10015
Headphones & Earbuds,Over-Ear Headphones,3212
Headphones & Earbuds,On-Ear Headphones,1224
Headphones & Earbuds,Open-Ear Headphones,58
Home Audio,Home Theater,30
Home Audio,Wireless & Streaming Audio,44
Home Audio,Stereo System Components,13
Home Audio,Speakers,193
Home Audio,Compact Radios & Stereos,14
Home Audio,Home Audio Accessories,69
Home Audio,Turntables & Accessories,47
Home Audio Accessories,Cables,341
Home Audio Accessories,Digital-Analog Converters,85
Home Audio Accessories,Speaker Parts & Components,52
Home Audio Accessories,Speaker Accessories,36
Home Audio Accessories,Distribution,143
Home Audio Accessories,Blank Media,73
Home Audio Accessories,Home Audio Crossovers & Parts,20
Home Audio Accessories,Connectors & Adapters,2993
Cables,Speaker,559
Cables,Stereo Jack Cables,1598
Cables,S-Video Cables,46
Cables,Optical,373
Cables,Component Cables,43
Cables,Coaxial,284
Cables,Power Cords,1337
Cables,Composite Cables,21
Cables,Subwoofer,51
Cables,Coaxial Cables,481
Cables,HDMI Cables,2843
Cables,RCA,1391
Portable Audio & Video,MP3 & MP4 Players,1547
Portable Audio & Video,Portable DVD Players,518
Portable Audio & Video,MP3 & MP4 Player Accessories,391
Portable Audio & Video,Microcassette Recorders,77
Portable Audio & Video,Minidisc Players,14
Portable Audio & Video,Digital Voice Recorders,611
Portable Audio & Video,CB & Two-Way Radios,80
Portable Audio & Video,Portable CD Players,324
Portable Audio & Video,Boomboxes,431
Portable Audio & Video,Cassette Players & Recorders,148
Portable Audio & Video,Radios,107
Portable Audio & Video,Portable Speakers & Docks,19
Portable Audio & Video,Portable & Handheld TVs,62
CB & Two-Way Radios,CB Radios & Scanners,26
CB & Two-Way Radios,Two-Way Radios,762
CB & Two-Way Radios,Accessories,746
Accessories,Headsets & Microphones,585
Accessories,Blank Video Media,5
Accessories,3D Glasses,307
Accessories,"TV Mounts, Stands & Turntables",31
Accessories,Video Converters,1034
Accessories,Satellite Equipment,159
Accessories,Telescope & Microscope Accessories,10
Accessories,RF Modulators,17
Accessories,Cables & Cords,209
Accessories,Camcorder Accessories,30
Accessories,Projector Accessories,66
Accessories,IR Illuminators,42
Accessories,Rain Covers,74
Accessories,Remote Controls,5305
Accessories,TV Display Protectors,112
Accessories,Batteries & Adapters,1
Accessories,Binocular Accessories,67
Accessories,Access-Control Keypads,83
Accessories,Slide Projectors,7
Accessories,Tripod & Monopod Accessories,125
Accessories,Darkroom Supplies,11
Accessories,Batteries & Chargers,53
Accessories,Camera Accessories,0
Accessories,Filters & Accessories,132
Accessories,Surveillance Camera Cables,774
Accessories,TV Replacement Lamps,172
Accessories,Lens Accessories,167
Accessories,Cables,341
Accessories,Surveillance Camera Lenses,56
Accessories,Cases,20168
Accessories,Cleaning,98
Accessories,Television Replacement Parts,75
Accessories,Antennas,1071
Accessories,Viewfinders,268
Accessories,Surveillance Housing & Mounting Brackets,825
Accessories,VCR Rewinders,12
Accessories,CD & DVD Racks,6
Accessories,All,27
Accessories,Remote Control Extenders,268
Accessories,Digital Camera Accessories,104
Accessories,Batteries,4453
Accessories,Accessory Bundles,485
Accessories,Battery Chargers,836
Accessories,Professional Video Accessories,152
Accessories,Office Electronics Accessories,12
Accessories,Cleaning Equipment,30
Accessories,Flash Accessories,91
Camera & Photo,Video Surveillance,119
Camera & Photo,Simulated Cameras,78
Camera & Photo,Underwater Photography,34
Camera & Photo,Binoculars & Scopes,28
Camera & Photo,Tripods & Monopods,146
Camera & Photo,Video,74
Camera & Photo,Film Photography,27
Camera & Photo,Printers & Scanners,1
Camera & Photo,Bags & Cases,196
Camera & Photo,Lighting & Studio,6
Camera & Photo,Digital Cameras,196
Camera & Photo,Lenses,106
Camera & Photo,Flashes,82
Camera & Photo,Accessories,746
Tripods & Monopods,Tripod Legs,43
Tripods & Monopods,Complete Tripods,1667
Tripods & Monopods,Tripod Heads,515
Tripods & Monopods,Tabletop & Travel Tripods,16
Tripods & Monopods,Monopod Heads,1
Tripods & Monopods,Monopods,328
CB Radios & Scanners,Fixed-mount CB Radios,188
CB Radios & Scanners,Handheld CB Radios,7
Tablet Accessories,Chargers & Adapters,4229
Tablet Accessories,Screen Protectors,3650
Tablet Accessories,Keyboards,2670
Tablet Accessories,Stands,3488
Tablet Accessories,Mounts,399
Tablet Accessories,Screen Filters,98
Tablet Accessories,"Bags, Cases & Sleeves",1233
"Bags, Cases & Sleeves",Cases,20168
"Bags, Cases & Sleeves",Briefcases,469
"Bags, Cases & Sleeves",Sleeves,2812
"Bags, Cases & Sleeves",Backpacks,2190
"Bags, Cases & Sleeves",Messenger & Shoulder Bags,1529
"Bags, Cases & Sleeves",Keyboard Cases,1812
"Bags, Cases & Sleeves",Hard Shell Cases,1144
"Bags, Cases & Sleeves",Bags,29
Television & Video,AV Receivers & Amplifiers,169
Television & Video,Televisions,229
Television & Video,Streaming Media Players,814
Television & Video,DVD-VCR Combos,85
Television & Video,Home Theater Systems,369
Television & Video,Satellite Television,63
Television & Video,VCRs,46
Television & Video,Analog-to-Digital (DTV) Converters,133
Television & Video,HD DVD Players,5
Television & Video,TV-DVD Combos,123
Television & Video,Blu-ray Players & Recorders,14
Television & Video,Video Glasses,45
Television & Video,DVD Players & Recorders,33
Television & Video,Accessories,746
Satellite Equipment,Splitters,449
Satellite Equipment,Mounting Accessories,4
Lens Accessories,Adapters & Converters,564
Lens Accessories,Diopters,10
Lens Accessories,Follow-Focus Levers,56
Lens Accessories,Lens Supports,51
Lens Accessories,Matte Boxes,19
Lens Accessories,Lens Hoods,774
Lens Accessories,Lens Caps,628
Lens Accessories,Tripod Mount Rings,57
Lens Accessories,Extension Tubes,109
"GPS, Finders & Accessories",Trucking GPS,26
"GPS, Finders & Accessories",Sports & Handheld GPS,56
"GPS, Finders & Accessories",Item Finders,330
"GPS, Finders & Accessories",Vehicle GPS,252
"GPS, Finders & Accessories",GPS System Accessories,147
"GPS, Finders & Accessories",GPS Trackers,235
Security & Surveillance,Radio Scanners,59
Security & Surveillance,Surveillance Video Equipment,26
Security & Surveillance,Horns & Sirens,248
Security & Surveillance,Biometrics,61
Security & Surveillance,Home Security Systems,1198
Security & Surveillance,Motion Detectors,293
Security & Surveillance,Accessories,746
Portable Speakers & Docks,Portable Bluetooth Speakers,3865
Portable Speakers & Docks,Audio Docks,558
Portable Speakers & Docks,Portable Line-In Speakers,163
Bags & Cases,Tripod & Monopod Cases,80
Bags & Cases,Binocular Cases,1
Bags & Cases,"Binocular, Camera & Camcorder Straps",856
Bags & Cases,Telescope Cases,22
Bags & Cases,Lens Cases,160
Bags & Cases,Camera Cases,3730
Bags & Cases,Bag & Case Accessories,166
Bags & Cases,Camcorder Cases,208
Computers & Tablets,Laptops,17
Computers & Tablets,Tablets,2243
Computers & Tablets,Desktops,112
Laptops,Traditional Laptops,4862
Laptops,2 in 1 Laptops,566
Computer Components,Laptop Replacement Parts,918
Computer Components,Internal Components,2160
Computer Components,Single Board Computers,1587
Computer Components,External Components,36
Computer Components,Desktop Barebones,95
Computer Components,Computer Screws,242
Internal Components,Internal Sound Cards,146
Internal Components,I/O Port Cards,18
Internal Components,Internal Memory Card Readers,16
Internal Components,Fans & Cooling,129
Internal Components,Internal Power Supplies,1262
Internal Components,Network Cards,548
Internal Components,Motherboards,1504
Internal Components,Internal Optical Drives,8
Internal Components,Internal Modems,6
Internal Components,Graphics Cards,2037
Internal Components,CPU Processors,589
Internal Components,Memory,2376
Internal Components,Internal TV Tuner & Capture Cards,408
Digital Cameras,DSLR Cameras,641
Digital Cameras,Mirrorless Cameras,275
Digital Cameras,Point & Shoot Digital Cameras,1997
Digital Cameras,Instant Cameras,342
Cleaning,Lens Cleaners,201
Cleaning,Head Cleaners,62
Cleaning,Disc Repair Kits,48
Cleaning,Disc Cleaners,43
Cleaning,Record Cleaners & Cleaning Supplies,150
Sports & Handheld GPS,Cycling GPS Units,100
Sports & Handheld GPS,Running GPS Units,335
Sports & Handheld GPS,Golf Course GPS Units,174
Sports & Handheld GPS,Handheld GPS Units,642
Computer Cable Adapters,SCSI Adapters,3
Computer Cable Adapters,USB-to-USB Adapters,767
Computer Cable Adapters,USB-to-VGA Adapters,406
Computer Cable Adapters,Parallel Adapters,10
Computer Cable Adapters,Serial Adapters,247
Computer Cable Adapters,Gender Changers,147
Computer Cable Adapters,HDMI-to-VGA Adapters,288
Computer Cable Adapters,Firewire Adapters,16
Computer Cable Adapters,DVI-HDMI Adapters,1205
Input Devices,Touch Pads,70
Input Devices,Digital Pens,168
Input Devices,Trackballs,63
Input Devices,Numeric Keypads,155
Input Devices,Graphics Tablets,573
Televisions,LED & LCD TVs,2339
Televisions,QLED TVs,80
Televisions,OLED TVs,53
Data Storage,USB Flash Drives,2818
Data Storage,Network Attached Storage,273
Data Storage,Internal Solid State Drives,383
Data Storage,External Solid State Drives,221
Data Storage,Floppy & Tape Drives,71
Data Storage,External Zip Drives,9
Data Storage,Internal Hard Drives,385
Data Storage,External Hard Drives,1306
Accessories & Supplies,Cables,341
Accessories & Supplies,Telephone Accessories,73
Accessories & Supplies,Cord Management,260
Accessories & Supplies,Mounts,399
Accessories & Supplies,Power Strips & Surge Protectors,24
Accessories & Supplies,Office Electronics Accessories,12
Accessories & Supplies,Cable Organizer Bags & Cases,348
Cord Management,Cable Raceways,369
Cord Management,Cable Sleeves,334
Cord Management,Floor Cord Covers,184
Cord Management,Cord Reels,90
Cord Management,Cable Straps,778
Cord Management,Cable Ties,1106
Video Surveillance,Surveillance Systems,74
Video Surveillance,Surveillance Accessories,7
Video Surveillance,Installation Services,18
Video Surveillance,Surveillance Cameras,305
Surveillance Cameras,Dome Cameras,1623
Surveillance Cameras,Hidden Cameras,315
Surveillance Cameras,Bullet Cameras,1373
Car & Vehicle Electronics,Aviation Electronics,3
Car & Vehicle Electronics,Marine Electronics,15
Car & Vehicle Electronics,Vehicle Electronics Accessories,85
Car & Vehicle Electronics,Car Electronics,129
Car Electronics,Car Video,89
Car Electronics,Car Safety & Security,40
Car Electronics,Car Audio,67
Car Audio,Equalizers,109
Car Audio,Satellite Radio,196
Car Audio,Subwoofers,391
Car Audio,Digital Media Receivers,60
Car Audio,Speakers,193
Car Audio,Car Stereo Receivers,1187
Car Audio,Changers,5
Car Audio,Amplifiers,1274
Subwoofers,Component Subwoofers,704
Subwoofers,Subwoofer Boxes & Enclosures,251
Subwoofers,Enclosed Subwoofer Systems,53
"Keyboards, Mice & Accessories",Keyboard & Mice Accessories,40
"Keyboards, Mice & Accessories",Keyboard & Mouse Combos,1011
"Keyboards, Mice & Accessories",Mice,2458
"Keyboards, Mice & Accessories",Keyboards,2670
Telephone Accessories,Batteries,4453
Telephone Accessories,Telephone Cords,320
Telephone Accessories,Phone Cards,8
Telephone Accessories,Caller ID Displays,51
Telephone Accessories,Wireless Jack Systems,9
Telephone Accessories,Headsets,556
Fans & Cooling,CPU Cooling Fans,873
Fans & Cooling,Case Fans,1730
Fans & Cooling,Graphics Card Fans,61
Fans & Cooling,Thermal Paste & Pads,8
Fans & Cooling,HDD Cooling Fans,1
Fans & Cooling,Heatsinks,484
Fans & Cooling,Grills,78
Fans & Cooling,Water Cooling Systems,718
"Household Batteries, Chargers & Accessories",Battery & Charger Sets,15
"Household Batteries, Chargers & Accessories",Battery Holders,272
"Household Batteries, Chargers & Accessories",Battery Storage Containers,208
"Household Batteries, Chargers & Accessories",Battery Testers,168
"Household Batteries, Chargers & Accessories",Battery Chargers,836
Wearable Technology,Virtual Reality,2
Wearable Technology,Smart Clip Accessories,44
Wearable Technology,Arm & Wristband Accessories,2201
Wearable Technology,Rings,10
Wearable Technology,Glasses,67
Wearable Technology,Smartwatches,1661
Wearable Technology,"Clips, Arm & Wristbands",613
Car Video,In-Dash Navigation,807
Car Video,In-Dash DVD & Video Receivers,356
Car Video,Surround Processors,1
Car Video,In-Visor Video,3
Car Video,In-Mirror Video,263
Car Video,TV Tuners,8
Car Video,Car Headphones,56
Car Video,Headrest Video,161
Car Video,On-Dash Cameras,1494
Car Video,Overhead Video,174
Keyboard & Mice Accessories,Keycaps,1
Keyboard & Mice Accessories,Keyboard Skins,1166
Laptop Accessories,Skins & Decals,786
Laptop Accessories,Chargers & Adapters,4229
Laptop Accessories,Screen Protectors,3650
Laptop Accessories,Security Locks,83
Laptop Accessories,Stands,3488
Laptop Accessories,Docking Stations,1167
Laptop Accessories,Batteries,4453
Laptop Accessories,Camera Privacy Covers,253
Laptop Accessories,Mounts,399
Laptop Accessories,Replacement Screens,558
Laptop Accessories,Screen Filters,98
Laptop Accessories,"Bags, Cases & Sleeves",1233
Laptop Accessories,Cooling Pads & External Fans,31
Skins & Decals,Decals,479
Skins & Decals,Skins,57
Mounts,Speaker Mounts,947
Lighting & Studio,Lighting,105
Lighting & Studio,Light Meters & Accessories,9
Lighting & Studio,Video Studio,0
Lighting & Studio,Photo Studio,177
Photo Studio,Shooting Tables,8
Photo Studio,Storage & Presentation Materials,116
Photo Studio,Shooting Tents,224
Photo Studio,Background Support Equipment,137
Photo Studio,Posing Props,97
Photo Studio,Sandbags,91
Photo Studio,Copying Equipment,8
Photo Studio,Backgrounds,1550
Storage & Presentation Materials,"Slide, Negative & Print Pages",33
Storage & Presentation Materials,Archival Storage Binders,2
Storage & Presentation Materials,Archival Boxes,34
Storage & Presentation Materials,Portfolios,28
Storage & Presentation Materials,Digital Picture Frames,634
Audio & Video Accessories,Power Adapters,87
Audio & Video Accessories,Webcams & VoIP Equipment,10
Audio & Video Accessories,Bluetooth Car Kits,291
Audio & Video Accessories,Remote Controls,5305
Audio & Video Accessories,Auxiliary Input Adapters,217
Audio & Video Accessories,Computer Microphones,458
Audio & Video Accessories,Antennas,1071
Audio & Video Accessories,Speaker Systems,117
Audio & Video Accessories,Bluetooth Headsets,167
Audio & Video Accessories,Computer Speakers,1018
Audio & Video Accessories,Computer Headsets,750
Mounting Accessories,Satellite Dish Mounts,29
Mounting Accessories,Satellite Finders,29
Radios,Weather Radios,366
Radios,Shortwave Radios,376
Radios,Personal Radios,276
Blank Media,DVD-RAM,4
Blank Media,BD-R,74
Blank Media,CD-RW,25
Blank Media,Zip Media,3
Blank Media,Data Cartridges,35
Blank Media,MiniDiscs,7
Blank Media,DATs,19
Blank Media,CD-R,173
Blank Media,DVD-RW,44
Blank Media,DVD+R,134
Blank Media,Floppy Diskettes,19
Blank Media,DVD+RW,8
Blank Media,BD-RE,14
Blank Media,DVD-R,182
"TV Mounts, Stands & Turntables",TV Mount Stands,134
"TV Mounts, Stands & Turntables",TV Wall & Ceiling Mounts,2113
"TV Mounts, Stands & Turntables",TV Turntables,10
Hard Drive Accessories,Mounting Brackets,7
Hard Drive Accessories,Enclosures,1424
Hard Drive Accessories,Docking Stations,1167
Hard Drive Accessories,Hard Drive Bags & Cases,629
Hard Drive Accessories,Caddies,5
GPS System Accessories,Cases,20168
GPS System Accessories,Batteries,4453
GPS System Accessories,Screen Protector Foils,1251
GPS System Accessories,Antennas,1071
GPS System Accessories,Chargers & Cables,240
GPS System Accessories,Vehicle Mounts,1048
GPS System Accessories,Traffic Message Channel (TMC) Receiver Modules,17
Desktops,Towers,1552
Desktops,Minis,700
Desktops,All-in-Ones,379
Surveillance Video Equipment,Video Transmission Systems,49
Surveillance Video Equipment,Surveillance NVR Kits,55
Surveillance Video Equipment,Surveillance Video Recorders,195
Surveillance Video Equipment,Video Multiplexers & Quads,10
Surveillance Video Equipment,Security Monitors & Displays,71
Surveillance Video Equipment,Surveillance DVR Kits,875
Vehicle Electronics Accessories,Radar Detectors,251
Vehicle Electronics Accessories,Audio & Video Accessories,687
Vehicle Electronics Accessories,Installation Services,18
Vehicle Electronics Accessories,Vehicle Audio & Video Installation,200
Vehicle Electronics Accessories,Car Dash Mounting Kits,128
Home Theater,Equalizers,109
Home Theater,Speakers,193
Home Theater,Phono Preamps,12
Home Theater,Receivers & Amplifiers,20
Receivers & Amplifiers,Preamplifiers,143
Receivers & Amplifiers,Amplifiers,1274
Receivers & Amplifiers,Receivers,753
Monitor Accessories,Screen Protectors,3650
Monitor Accessories,Covers,1233
Monitor Accessories,Monitor Arms,628
Monitor Accessories,Monitor Stands,1270
Monitor Accessories,Anti-Glare & Privacy Filters,94
Telescope & Microscope Accessories,Microscope Accessories,5
Telescope & Microscope Accessories,Telescope Accessories,93
Telescope Accessories,Barlow Lenses,24
Telescope Accessories,Photo Adapters,189
Telescope Accessories,Guiders & Wedges,7
Telescope Accessories,Remote Controls,5305
Telescope Accessories,Diagonals,8
Telescope Accessories,Motor Drives,18
Telescope Accessories,Dew Caps,24
Telescope Accessories,Filters,181
Telescope Accessories,Finder Scopes,48
Telescope Accessories,Eyepieces,157
Professional Video Accessories,Stabilizers,977
Professional Video Accessories,VTR Decks,8
Professional Video Accessories,Microphones,425
Memory Cards,Memory Stick Cards,79
Memory Cards,CompactFlash Cards,226
Memory Cards,Micro SD Cards,1135
Memory Cards,xD-Picture Cards,31
Memory Cards,SmartMedia Cards,12
Memory Cards,SD Cards,739
Network Adapters,USB Network Adapters,1217
Network Adapters,Laptop Network Adapters,86
Network Adapters,Powerline Network Adapters,422
Network Adapters,Bluetooth Network Adapters,274
Tripod & Monopod Accessories,Camera Mounts & Clamps,2387
Tripod & Monopod Accessories,Center Columns,4
Ethernet Cables,Cat 6 Cables,933
Ethernet Cables,Cat 7 Cables,545
Ethernet Cables,Cat 5e Cables,417
Ethernet Cables,Cat 5 Cables,35
Vehicle Audio & Video Installation,Radio Wiring Harnesses,419
Vehicle Audio & Video Installation,Speaker Installation,21
Vehicle Audio & Video Installation,Connecting Blocks,97
Vehicle Audio & Video Installation,Amplifier Installation,52
Distribution,Selector Switch Boxes,1003
Distribution,Wall Plates & Connectors,581
Distribution,Distribution Panels,46
Speakers,Ceiling & In-Wall Speakers,173
Speakers,Coaxial Speakers,1226
Speakers,Bookshelf Speakers,390
Speakers,Subwoofers,391
Speakers,Center-Channel Speakers,151
Speakers,Floorstanding Speakers,178
Speakers,Sound Bars,935
Speakers,Outdoor Speakers,193
Speakers,Component Speakers,71
Speakers,Surround Sound Systems,290
Speakers,Satellite Speakers,52
Speakers,Kick-Panel Enclosures,5
Speakers,Tweeters,76
Lighting,Barn Doors,18
Lighting,Flash Tubes,15
Lighting,Lighting Controls & Modifiers,11
Lighting,On-Camera Video Lights,702
Lighting,Booms & Stands,419
Lighting,Continuous Output Lighting,470
Lighting,Strobe Lighting,6
Lighting,Mounting Hardware,145
Lighting,Remote Triggers,221
Lighting,Power Packs,1
Antennas,TV Antennas,1759
Antennas,Radio Antennas,819
Webcams & VoIP Equipment,Stands,3488
Webcams & VoIP Equipment,Mounts,399
Webcams & VoIP Equipment,Webcams,1439
Power Strips & Surge Protectors,Surge Protectors,875
Power Strips & Surge Protectors,Power Strips,2239
Binoculars & Scopes,Binoculars,1122
Binoculars & Scopes,Monoculars,380
Binoculars & Scopes,Microscopes,49
Binoculars & Scopes,Telescopes,55
Binoculars & Scopes,Opera Glasses,8
Microscopes,USB Microscopes,314
Microscopes,Stereo Microscopes,49
Microscopes,Compound Microscopes,1
Batteries & Chargers,Battery Chargers,836
Batteries & Chargers,Batteries,4453
Batteries & Chargers,Battery & Charger Sets,15
Batteries & Chargers,Adapters,2460
Batteries,Camera Batteries,2501
Batteries,Camcorder Batteries,521
USB Gadgets,USB Lamps,283
USB Gadgets,USB Fans,760
USB Gadgets,USB Beverage Warmers,6
MP3 & MP4 Player Accessories,Skins & Decals,786
MP3 & MP4 Player Accessories,Screen Protectors,3650
MP3 & MP4 Player Accessories,Cables,341
MP3 & MP4 Player Accessories,Cases,20168
MP3 & MP4 Player Accessories,Armbands,118
MP3 & MP4 Player Accessories,Remote Controls,5305
MP3 & MP4 Player Accessories,Batteries & Battery Packs,1
MP3 & MP4 Player Accessories,Chargers,46
MP3 & MP4 Player Accessories,Cassette Player Adapters,126
MP3 & MP4 Player Accessories,Bluetooth & FM Transmitters,9
Turntables & Accessories,Turntables,767
Digital Camera Accessories,Shutter Release Cords,303
Digital Camera Accessories,Accessory Kits,909
Digital Camera Accessories,Docking Stations,1167
Digital Camera Accessories,Screen Protector Foils,1251
Digital Camera Accessories,Battery Grips,475
Amplifier Installation,Interconnect Cables,12
Amplifier Installation,Amplifier Wiring Kits,95
Amplifier Installation,Fuse Holders,25
Amplifier Installation,Noise Filters,82
Amplifier Installation,Power-Distribution Kits,1
Amplifier Installation,Power-Cable Terminals,67
Amplifier Installation,Battery Wiring & Terminals,37
Amplifier Installation,Heat-Shrink Tubing,15
Amplifier Installation,Power & Ground Cable,177
Amplifier Installation,Power-Distribution Components,2
Amplifier Installation,Cooling Fans,99
Amplifier Installation,Capacitors,124
DVD Players & Recorders,DVD Players,519
DVD Players & Recorders,DVD Recorders,147
Filters & Accessories,Filter Accessories,10
Filters & Accessories,Effects Filters,104
Filters & Accessories,Color Correction & Compensation Filters,29
Filters & Accessories,Filter Sets,589
Filters & Accessories,Skylight & UV Filters,257
Filters & Accessories,Graduated Color Filters,10
Filters & Accessories,Infrared Filters,31
Filters & Accessories,Polarizing Filters,161
Filters & Accessories,Neutral Density Filters,313
External Components,Optical Drives,35
External Components,Computer Cases,1496
External Components,External Sound Cards,151
External Components,External TV Tuners,64
External Components,KVM Switches,576
Optical Drives,CD & DVD Drives,593
Optical Drives,Blu-ray Drives,186
Optical Drives,Disc Duplicators,50
Memory Card Accessories,Memory Card Cases,185
Memory Card Accessories,Memory Card Adapters,184
Memory Card Accessories,Memory Card Readers,1318
Video,Camcorder Bundles,105
Video,Professional Video Cameras,10
Video,Camera Supports & Stabilizers,1
Video,Body Mounted Cameras,25
Video,Sports & Action Video Cameras,632
Video,Quadcopters & Accessories,39
Video,Camcorders,1361
eBook Readers & Accessories,Power Adapters,87
eBook Readers & Accessories,eBook Readers,99
eBook Readers & Accessories,Reading Lights,65
eBook Readers & Accessories,Screen Protectors,3650
eBook Readers & Accessories,Stands,3488
eBook Readers & Accessories,Covers,1233
eBook Readers & Accessories,Sleeves,2812
eBook Readers & Accessories,Power Cables,12
eBook Readers & Accessories,Bundles,23
eBook Readers & Accessories,Skins,57
Battery Chargers,Camcorder,166
Battery Chargers,Camera,1287
Cleaning & Repair,DLT Cleaning Cartridges,8
Cleaning & Repair,Compressed Air Dusters,455
Cleaning & Repair,Computer Vacuums,127
Cleaning & Repair,Repair Kits,242
Amazon Devices & Accessories,Amazon Pro Portal,8
Amazon Devices & Accessories,Amazon Device Accessories,20
Amazon Devices & Accessories,Amazon Device Accessories under $20,8
Amazon Devices & Accessories,Amazon Devices,3
Film Photography,Film,318
Film Photography,Film Cameras,31
Film Cameras,Medium & Large-Format Cameras,5
Film Cameras,Rangefinder Cameras,2
Film Cameras,Instant Cameras,342
Film Cameras,Single-Use Cameras,27
Film Cameras,Point & Shoot Film Cameras,26
Film Cameras,SLR Cameras,42
Film Cameras,Specialty Film Cameras,3
Flash Accessories,Battery Packs,57
Flash Accessories,Shoe Mounts,359
Flash Accessories,Adapter Rings,61
Flash Accessories,Sync & PC Cords,113
Flash Accessories,Camera Brackets,210
Flash Accessories,Diffusers,315
Tablet Replacement Parts,Batteries,4453
Tablet Replacement Parts,LCD Displays,24
Tablet Replacement Parts,Digitizers,168
Tablet Replacement Parts,Flex Cables,57
Tablet Replacement Parts,Screens,135
Speaker Parts & Components,Speaker Repair,190
Speaker Parts & Components,Grill Cloth,21
Speaker Parts & Components,Handles,6
Speaker Parts & Components,Speaker Grills,90
Speaker Parts & Components,Carpet & Vinyl,16
Speaker Parts & Components,Subwoofer Kits,2
Speaker Parts & Components,Port Tubes,8
Speaker Parts & Components,Case Hardware & Latches,433
Flashes,Shoe Mount Flashes,634
Flashes,Macro & Ringlight Flashes,393
Aviation Electronics,Aircraft Accessories,122
Aviation Electronics,Headsets & Intercoms,77
Aviation Electronics,Aviation GPS,10
Aviation Electronics,Aviation Handheld Radios,4
Video Studio,Teleprompters,48
Video Studio,Video Monitors,237
Projector Accessories,Lamps,332
Projector Accessories,Remote Controls,5305
Projector Accessories,Bulbs,257
Projector Accessories,Projector,218
Projector Accessories,Projector Bags & Cases,24
Projector Accessories,Projection Screens,597
Projector Accessories,Lenses,106
Arm & Wristband Accessories,Replacement Bands,217
Arm & Wristband Accessories,Cables,341
Arm & Wristband Accessories,Cases with Band,2
Lighting Controls & Modifiers,Soft Boxes,591
Lighting Controls & Modifiers,Reflectors,348
Lighting Controls & Modifiers,Umbrellas,226
Lighting Controls & Modifiers,Filters,181
Lighting Controls & Modifiers,Diffusers,315
Office Electronics Accessories,Presentation Supplies,2
Office Electronics Accessories,Other Accessories,13
Office Electronics Accessories,Calculator Accessories,74
Office Electronics Accessories,Labeling Tapes,771
Amplifiers,Mono Amplifiers,269
Amplifiers,Multichannel Amplifiers,387
Amplifiers,Dual-Channel Amplifiers,56
I/O Port Cards,Serial Port Cards,38
I/O Port Cards,USB Port Cards,355
I/O Port Cards,FireWire Port Cards,51
I/O Port Cards,RAID Controllers,79
I/O Port Cards,Parallel Port Cards,21
I/O Port Cards,SCSI Port Cards,72
Car Safety & Security,Vehicle Backup Cameras,1080
Network Attached Storage,Enclosures,1424
Network Attached Storage,Devices,107
Cleaning Equipment,Brushes,13
Cleaning Equipment,Cleaning Kits,333
Cleaning Equipment,Cloths,87
Cleaning Equipment,Compressed Air,15
Cleaning Equipment,Liquid Cleaners,5
Cooling Pads & External Fans,Cooling Pads,461
Cooling Pads & External Fans,External Cooling Fans,19
Compact Radios & Stereos,Internet Radios,85
Compact Radios & Stereos,Shower Radios,33
Compact Radios & Stereos,Stereo Shelf Systems,227
Compact Radios & Stereos,Clock Radios,675
Marine Electronics,Marine Stereos,30
Marine Electronics,Marine Subwoofers,8
Marine Electronics,Marine Autopilots,4
Marine Electronics,Marine Speakers,83
Marine Electronics,Marine GPS Chartplotters,70
Marine Electronics,Fish Finders & Depth Finders,322
Marine Electronics,Radar Systems,7
Marine Electronics,Marine Amplifiers,17
Marine Electronics,Marine Antennas,23
Marine Electronics,Marine Two-Way Radios,58
Marine Electronics,Marine GPS Accessories,49
Quadcopters & Accessories,Quadcopter Camera Mounts,121
Lenses,Camera & Camcorder Lens Bundles,7
Lenses,Camera Lenses,198
Lenses,Camcorder Lenses,20
Camera Lenses,Mirrorless Camera Lenses,168
Camera Lenses,SLR Camera Lenses,1328
Battery & Charger Sets,Camcorder Battery & Charger Sets,67
Battery & Charger Sets,Camera Battery & Charger Sets,115
Batteries & Battery Packs,Batteries,4453
Electronics Gift Guide - Top Tech for Gifting,Otter Products Holiday Electronics Store,0
Otter Products Holiday Electronics Store,OtterBox Brand Store,25
Otter Products Holiday Electronics Store,LifeProof Brand Store,14
Blu-ray Players & Recorders,Blu-ray Players,477
Internal Optical Drives,Internal CD & DVD Drives,198
Internal Optical Drives,Internal Blu-ray Drives,72
Telescopes,Catadioptric,36
Telescopes,Reflectors,348
Telescopes,Refractors,168
Home Audio Crossovers & Parts,Crossover Parts,49
Strobe Lighting,Monolights,180
Strobe Lighting,Slaves,12
Camera Supports & Stabilizers,Camera Cine Dollies,4
Camera Supports & Stabilizers,Camera Chest Supports,8
Camera Supports & Stabilizers,Camera Shoulder Supports,43
Camera Supports & Stabilizers,Camera Cranes,11
Camera Supports & Stabilizers,Camera Sliders,99
Wireless & Streaming Audio,Wireless Audio Receivers & Adapters,189
Wireless & Streaming Audio,Wireless Multiroom Systems,45
ASUS PC,Monitors,2840
Monitors,16-20 Inches,3
Monitors,2014,10
Monitors,20-25.9 Inches,14
New Arrivals - Electronics,Audio and Accessories,1
New Arrivals - Electronics,Video Games,5
New Arrivals - Electronics,Computers,7
New Arrivals - Electronics,Home Entertainment,4
New Arrivals - Electronics,Camera,1287
Underwater Photography,Underwater Lighting,14
Underwater Photography,Cameras,101
Underwater Photography,Housings,269
Underwater Photography,Camcorders,1361
Bluetooth & FM Transmitters,Bluetooth Transmitters,210
Bluetooth & FM Transmitters,FM Transmitters,427
Media Storage,Media Storage Sleeves,41
Camcorder Accessories,Screen Protector Foils,1251
Thermal Paste & Pads,Thermal Pads,42
Thermal Paste & Pads,Silicon Grease,105
Speaker Accessories,Spikes,51
Speaker Accessories,Stands,3488
Blank Video Media,VHS-C,4
Blank Video Media,Hi-8,9
Blank Video Media,MiniDV,56
Blank Video Media,VHS,58
Underwater Lighting,Parts & Accessories,6
Underwater Lighting,Strobes & Flashes,2
Underwater Lighting,Continuous Lights,26
Speaker Installation,Carpet,4
Speaker Installation,Speaker Wire Connectors,36
Speaker Installation,Speaker Wiring Harnesses,24
Speaker Installation,Speaker Wire,30
Speaker Installation,Bass Blockers,6
Speaker Installation,Speaker Boxes,6
AmazonBasics Accessories,Phone & Tablet Accessories,0
Phone & Tablet Accessories,Data Cables & Chargers,2
Phone & Tablet Accessories,Screen Protectors,3650
Phone & Tablet Accessories,Android Accessories,0
Phone & Tablet Accessories,Apple Accessories,0
Apple Accessories,Bluetooth Speakers,12
Printers & Scanners,Portable Photo Printers,75
Amazon Device Accessories,Memory Cards,64
Amazon Device Accessories,Protection Plans,53
Amazon Device Accessories,Screen Protectors,3650
Amazon Device Accessories,Remote Controls,5305
Amazon Device Accessories,Covers,1233
Amazon Device Accessories,Bases & Stands,5
Amazon Device Accessories,Sleeves,2812
Amazon Device Accessories,Mounts,399
Amazon Device Accessories,Power Supplies & Chargers,7
Amazon Device Accessories,Styluses,32
Amazon Device Accessories,Adapters & Connectors,2
Amazon Device Accessories,Home Security Decals & Signs,1
Light Meters & Accessories,Light Meters,70
Light Meters & Accessories,Color Calibration Charts,24
Light Meters & Accessories,Grey Cards,37
Filter Accessories,Step-Up Rings,66
Filter Accessories,Step-Down Rings,14
Filter Accessories,Filter Cases,45
Satellite Television,Systems,2
Satellite Television,Satellite Dishes,40
Satellite Television,Receivers,753
Stereo System Components,Tuners,14
Stereo System Components,CD & Tape Players,5
CD & Tape Players,CD Recorders,6
CD & Tape Players,CD Players,87
CD & Tape Players,Tape Decks,26
Android Accessories,Screen Protectors,3650
Android Accessories,Stylus Pens,9
Android Accessories,Headphones,29
Android Accessories,Tablet Stands,2
Android Accessories,Data Cables & Chargers,2
SteelSeriesBD,Up to 47% off SteelSeries Prime Gaming Mouse,1
Gaming Accessories,Accessories & Peripherals,0
Accessories & Peripherals,Gaming Mice,11
Accessories & Peripherals,Gamepads and Controllers,0
Accessories & Peripherals,Gaming Keyboards,5
Accessories & Peripherals,Computer Headsets and Mics,0
Darkroom Supplies,Light Boxes & Loupes,0
Darkroom Supplies,Film Processing Equipment,40
Darkroom Supplies,Photo Enlarging Paper,9
Darkroom Supplies,Safelights,4
Darkroom Supplies,Chemicals,18
Light Boxes & Loupes,Loupes,7
PC Gaming,Gaming Computers,0
Gaming Computers,Gaming Desktops,1
Gaming Computers,Gaming Monitors,61
Compound Microscopes,Compound Trinocular Microscopes,16
Compound Microscopes,Compound Binocular Microscopes,19
Compound Microscopes,Compound Monocular Microscopes,52
Tech Accessories for Dads & Grads,Gifts for Dads,3
Tech Accessories for Dads & Grads,Gifts for Grads,7
Gifts for Dads,Travel Essentials,3
Gifts for Dads,Tablet & Computer Accessories,3
Gifts for Dads,Headphones,29
Gifts for Dads,Bluetooth Headsets,167
Security & Surveillance Product Finder,Network Cameras,0
Security & Surveillance Product Finder,Digital Video Recorders,0
Security & Surveillance Product Finder,Surveillance Camera Kits,0
Surveillance Camera Kits,4-Camera Kits,1
Surveillance Camera Kits,8-Camera Kits,1
PC Gaming & Accessories,PC Games,1
PC Gaming & Accessories,PC Gaming Accessories,0
PC Gaming Accessories,Headsets,556
Canon,Accessories,746
Canon,All Canon,8
Canon,Printers,1
Canon,Multifunction Devices,6
Warranties & Services,Service Plans,100
Warranties & Services,Computer Equipment Warranties,26
CD & DVD Racks,CD Racks,47
iPad Accessory Starter Kit,Screen Protectors,3650
iPad Accessory Starter Kit,Styluses,32
iPad Accessory Starter Kit,Cases,20168
Screen Protectors,iPad,7
Screen Protectors,Samsung Tab 2 7.0,1
Screen Protectors,Tab 2 10.1,1
Screen Protectors,Samsung Note 8.0,1
2 in 1 PCs,Detachables,1
2 in 1 PCs,Convertibles,1
Amazon Devices,Device Bundles,0
Amazon Devices,Smart Home Security & Lighting,1
Device Bundles,Echo Smart Speaker & Display Bundles,3
Portable Electronics for Mother's Day,MP3 Players & Accessories,0
Portable Electronics for Mother's Day,Sports & Vehicle GPS,0
MP3 Players & Accessories,MP3 Player Accessories,0
MP3 Player Accessories,Cases,20168
MP3 Player Accessories,Headphones,29
Smart Home Security & Lighting,Doorbells & Chimes,2
Smart Home Security & Lighting,Smart Plugs,2
Smart Home Security & Lighting,Sensors,1
Smart Home Security & Lighting,Alarm Systems,1
Bose Store,Accessories,746
Microscope Accessories,Lenses,106
Microscope Accessories,Adapters,2460
Gifts for Grads,Headphones,29
Celestron,Telescope Accessories,93
Celestron,Microscopes,49
Network Cameras,Power-Over-Ethernet,2
Network Cameras,Wireless,14
Samsung,Tablets,2243
Samsung,Monitors,2840
Summer Colors for Tech Accessories,iPhone Cases,8
Service Plans,Computers,7
Service Plans,Electronics,2
HP,HP PC Accessories,0
HP,HP Inkjet Printers,0
HP,HP Desktops,1
HP,HP LaserJet Printers,0
HP,HP Scanners,2
HP,HP Laptops,1
HP,HP Projectors,1
"Tablet Keyboards, Stands, & Styluses",Styluses,32
"Tablet Keyboards, Stands, & Styluses",Keyboards,2670
"Tablet Keyboards, Stands, & Styluses",Stands,3488
Keyboards,iPad,7
Keyboards,iPad mini,4
Gaming Mice,Corsair,4
Gaming Mice,Razer,25
Gamepads and Controllers,Razer,25
Gamepads and Controllers,Mad Catz,10
Gamepads and Controllers,Logitech,3
Protective Tablet Accessories,Screen Protectors,3650
Protective Tablet Accessories,Cases,20168
Cases,iPad,7
Cases,iPad mini,4
Cases,Samsung Note 10.1,4
Computers & Accessories Overstock Event,PC Components,2
Computers & Accessories Overstock Event,Computer & Tablet Accessories,8
Dell Accessories,Dell Tablet Accessories,1
Fall Outlet Event in Computers & Accessories,Desktops,112
Western Digital,External Hard Drives,1306
External Hard Drives,Desktop,0
Desktop,USB 3.0/2.0,2
Desktop,FireWire,4
Desktop,USB 2.0,8
Entertainment Networking,TV on the Go,7
Entertainment Networking,Network Media Players & Storage,2
Back to School Tech Accessories,Bluetooth Speakers,12
Back to School Tech Accessories,MP3 Player Accessories,0
Computer Headsets and Mics,Razer,25
Computer Headsets and Mics,SteelSeries,5
Camera Accessories,Electronic Flashes,9
Camera Accessories,Cables,341
Camera Accessories,Other Accessories,13
Camera Accessories,Lenses & Filters,6
Camera Accessories,Batteries & Chargers,53
Kodak,All,27
Kodak,Accessories,746
Olympus,All Camera & Photo,1
Olympus,Accessories,746
Presentation Supplies,Binding Machine Supplies,1
iPad Air 2 & iPad mini 3 Accessories,Cases & Covers,1
iPad Air 2 & iPad mini 3 Accessories,Styluses,32
Gift Ideas,GPS & Navigation Holiday Deals,1
Gift Ideas,Portable Audio & Accessories Holiday Deals,8
Lenses & Filters,Filters,181
Sony,All Sony Camera & Photo,1
JVC,Camcorder Accessories,30
JVC,Camcorders,1361
Camcorders,Digital Camcorders,0
Digital Camcorders,Microdrive,1
Digital Camcorders,MiniDV,56
Bluetooth,Cell Phone Headsets,43
Bluetooth,Connectivity,12
iPad Accessories,Styluses,32
Intel Components,Processors,1
HP Inkjet Printers,HP Single-Function Inkjet Printers,2
Nikon,All,27
Nikon,Accessories,746
Gaming Keyboards,Corsair,4
Gaming Keyboards,Razer,25
Contour,Accessories and Mounts,0
Contour,Cameras,101
Accessories and Mounts,Hunting and Fishing,1
Accessories and Mounts,Biking,5
HP PC Accessories,HP Laptop Sleeves,1
HP PC Accessories,HP Laptop Bags/Cases,1
Flip Video,Flip Video Accessories,0
Flip Video Accessories,Designed for Flip,1
HP LaserJet Printers,HP Monochrome LaserJets,2
Toshiba,Toshiba Netbook Accessories,1
Toshiba,Toshiba Laptops,1
Pyle Electronics Father's Day Deals,Musical Instruments,1
Samsung Tablet Accessory Starter Kit,Screen Protectors,3650
Sony PC,Ultrabooks,0
Ultrabooks,Pro Series Ultrabooks,2
Ultrabooks,Duo Series 2-in-1s Ultrabooks,2
Sports & Vehicle GPS,Sports GPS,5
Sports & Vehicle GPS,Vehicle GPS,252
Meet Windows 8,Featured Windows 8 PCs,3
Digital Video Recorders,8-Channel,1
Data Cables & Chargers,Apple,2
Vehicle GPS,RV GPS,2
Pentax,Accessories,746
iPad mini Accessories,Cases,20168
PC Products,Monitors,2840
Vivitar,Accessories,746
