parent,child,parent_type,child_type
Electronics,Qualifying Audible Devices,INTERMEDIATE,TRUE_LEAF
Electronics,Cool & Quirky Tech Accessories,INTERMEDIATE,TRUE_LEAF
Electronics,Sound Storm Dynamic Coop,INTERMEDIATE,TRUE_LEAF
Electronics,3P ASINs 1400,INTERMEDIATE,TRUE_LEAF
Electronics,Computers & Accessories,INTERMEDIATE,INTERMEDIATE
Electronics,Olympus,INTERMEDIATE,PURE_PARENT
Electronics,SkullcandyHeadphones,INTERMEDIATE,TRUE_LEAF
Electronics,Electronics International Versions,INTERMEDIATE,TRUE_LEAF
Electronics,Car & Vehicle Electronics,INTERMEDIATE,INTERMEDIATE
Electronics,samsung_tradein,INTERMEDIATE,TRUE_LEAF
Electronics,June Audio Month Featured Deals,INTERMEDIATE,TRUE_LEAF
Electronics,New Intel Powered ASUS Tablets,INTERMEDIATE,TRUE_LEAF
Electronics,Meet Windows 8,INTERMEDIATE,PURE_PARENT
Electronics,Scosche,INTERMEDIATE,TRUE_LEAF
Electronics,Service Plans,INTERMEDIATE,INTERMEDIATE
Electronics,Portable Electronics for Mother's Day,INTERMEDIATE,PURE_PARENT
Electronics,Apple Bands,INTERMEDIATE,TRUE_LEAF
Electronics,Vivitar,INTERMEDIATE,PURE_PARENT
Electronics,Pyle Electronics Father's Day Deals,INTERMEDIATE,PURE_PARENT
Electronics,PC Gaming & Accessories,INTERMEDIATE,PURE_PARENT
Electronics,Contour,INTERMEDIATE,PURE_PARENT
Electronics,Computer Accessories & Peripherals Deal of the Day,INTERMEDIATE,TRUE_LEAF
Electronics,iPad mini Accessories,INTERMEDIATE,PURE_PARENT
Electronics,Amazon Locker Eligible Camera Products,INTERMEDIATE,TRUE_LEAF
Electronics,JVC,INTERMEDIATE,PURE_PARENT
Electronics,Pioneer Elite,INTERMEDIATE,TRUE_LEAF
Electronics,Devices with Enhanced Amazon Instant Video Viewing Experience,INTERMEDIATE,TRUE_LEAF
Electronics,Truck & RV Electronics Store,INTERMEDIATE,TRUE_LEAF
Electronics,Buy Samsung at as low as 0% APR,INTERMEDIATE,TRUE_LEAF
Electronics,Home Audio,INTERMEDIATE,INTERMEDIATE
Electronics,Star Wars Day Tech Gadgets,INTERMEDIATE,TRUE_LEAF
Electronics,"Wearable Technology: Family, Kids & Pets",INTERMEDIATE,TRUE_LEAF
Electronics,Electronics $5 Store,INTERMEDIATE,TRUE_LEAF
Electronics,Cell Phones & Accessories,INTERMEDIATE,TRUE_LEAF
Electronics,Wearable Technology,INTERMEDIATE,INTERMEDIATE
Electronics,Headphones & Components,INTERMEDIATE,TRUE_LEAF
Electronics,Lenses,INTERMEDIATE,INTERMEDIATE
Electronics,Emerging Technologies,INTERMEDIATE,TRUE_LEAF
Electronics,Hero Quick Promotion,INTERMEDIATE,TRUE_LEAF
Electronics,"Tablet Keyboards, Stands, & Styluses",INTERMEDIATE,PURE_PARENT
Electronics,Nokia Lumia 635 DOTD,INTERMEDIATE,TRUE_LEAF
Electronics,"Deal of the Day | New Year, New Tech Gear",INTERMEDIATE,TRUE_LEAF
Electronics,Samsung,INTERMEDIATE,PURE_PARENT
Electronics,Kodak,INTERMEDIATE,PURE_PARENT
Electronics,Wearable Technology: Running Watches & Devices,INTERMEDIATE,TRUE_LEAF
Electronics,"Big Markdowns in TV, Video & Audio",INTERMEDIATE,TRUE_LEAF
Electronics,Spring Cleaning in Electronics Accessories,INTERMEDIATE,TRUE_LEAF
Electronics,Acer Laptops & Desktops Event,INTERMEDIATE,TRUE_LEAF
Electronics,Heavy Items,INTERMEDIATE,TRUE_LEAF
Electronics,"GPS, Finders & Accessories",INTERMEDIATE,INTERMEDIATE
Electronics,TV Accessories - Home,INTERMEDIATE,TRUE_LEAF
Electronics,Fitness GPS Accessories from Garmin,INTERMEDIATE,TRUE_LEAF
Electronics,6 Month Financing,INTERMEDIATE,TRUE_LEAF
Electronics,Denon Receivers,INTERMEDIATE,TRUE_LEAF
Electronics,"FREE Two-Day Shipping in Camera, Photo & Video",INTERMEDIATE,TRUE_LEAF
Electronics,PC Part Finder,INTERMEDIATE,TRUE_LEAF
Electronics,Summer Colors for Tech Accessories,INTERMEDIATE,PURE_PARENT
Electronics,Security & Surveillance Product Finder,INTERMEDIATE,PURE_PARENT
Electronics,iPad Accessory Starter Kit,INTERMEDIATE,PURE_PARENT
Electronics,Sony,INTERMEDIATE,PURE_PARENT
Electronics,Wearable Technology: Smart Tracking,INTERMEDIATE,TRUE_LEAF
Electronics,Innovative Gadget Gifts for Techies,INTERMEDIATE,TRUE_LEAF
Electronics,Touchscreen Laptops,INTERMEDIATE,TRUE_LEAF
Electronics,Big Savings in Home Audio & Headphones,INTERMEDIATE,TRUE_LEAF
Electronics,Amazon Unlimited Storage + Laptop Promotion,INTERMEDIATE,TRUE_LEAF
Electronics,Gift Ideas,INTERMEDIATE,PURE_PARENT
Electronics,Kids Character Cameras,INTERMEDIATE,TRUE_LEAF
Electronics,Dell Accessories,INTERMEDIATE,PURE_PARENT
Electronics,Boston Acoustics Speakers,INTERMEDIATE,TRUE_LEAF
Electronics,V4 Customers Keep It - 30%,INTERMEDIATE,TRUE_LEAF
Electronics,2 in 1 PCs,INTERMEDIATE,PURE_PARENT
Electronics,Summer is Coming in Tech Accessories,INTERMEDIATE,TRUE_LEAF
Electronics,Car Electronics for College,INTERMEDIATE,TRUE_LEAF
Electronics,Electronics Top Holiday Deals,INTERMEDIATE,TRUE_LEAF
Electronics,HP,INTERMEDIATE,PURE_PARENT
Electronics,Wearable Technology: Fitness & Wellness,INTERMEDIATE,TRUE_LEAF
Electronics,"New Year, New Tech Gear Electronics On the Go",INTERMEDIATE,TRUE_LEAF
Electronics,Camera & Photo,INTERMEDIATE,INTERMEDIATE
Electronics,Electronics Holiday Shopping,INTERMEDIATE,TRUE_LEAF
Electronics,Samsung Tablet Accessory Starter Kit,INTERMEDIATE,PURE_PARENT
Electronics,Dell Monitor Promotion,INTERMEDIATE,TRUE_LEAF
Electronics,Sennheiser Mics & Instrument Sets,INTERMEDIATE,TRUE_LEAF
Electronics,Samsung Tablet Accessories,INTERMEDIATE,TRUE_LEAF
Electronics,New iPod Accessories,INTERMEDIATE,TRUE_LEAF
Electronics,"FREE One-Day Shipping in TV, Video & Audio with your Citi Card",INTERMEDIATE,TRUE_LEAF
Electronics,Portable Audio & Video,INTERMEDIATE,INTERMEDIATE
Electronics,SteelSeriesBD,INTERMEDIATE,PURE_PARENT
Electronics,Computers & Accessories Overstock Event,INTERMEDIATE,INTERMEDIATE
Electronics,Radio & Clock Stocking Stuffers,INTERMEDIATE,TRUE_LEAF
Electronics,ASUS PC,INTERMEDIATE,PURE_PARENT
Electronics,Pyle Electronics Holiday Savings,INTERMEDIATE,TRUE_LEAF
Electronics,Gaming Accessories,INTERMEDIATE,PURE_PARENT
Electronics,ASUS Transformer Tablet Accessories,INTERMEDIATE,TRUE_LEAF
Electronics,Free One Day Shipping | Mobile Electronics,INTERMEDIATE,TRUE_LEAF
Electronics,Logitech Universal Remotes,INTERMEDIATE,TRUE_LEAF
Electronics,GoPro Accessories,INTERMEDIATE,TRUE_LEAF
Electronics,"Household Batteries, Chargers & Accessories",INTERMEDIATE,INTERMEDIATE
Electronics,Free Photo Book,INTERMEDIATE,TRUE_LEAF
Electronics,Drone Store | Accessories,INTERMEDIATE,TRUE_LEAF
Electronics,4th of July Deals 2013-Electronics On the Go,INTERMEDIATE,TRUE_LEAF
Electronics,Featured Overstock in Mobile Electronics,INTERMEDIATE,TRUE_LEAF
Electronics,"Headphones, Earbuds & Accessories",INTERMEDIATE,INTERMEDIATE
Electronics,AmazonBasics Accessories,INTERMEDIATE,PURE_PARENT
Electronics,PC & Camera Outlet,INTERMEDIATE,TRUE_LEAF
Electronics,"30% off on Caseology iPhone Cases for iPhone X, iPhone 8/7 and iPhone 8Plus/7Plus Smartphones",INTERMEDIATE,TRUE_LEAF
Electronics,Presidents Day Deals Electronics On the Go,INTERMEDIATE,TRUE_LEAF
Electronics,Electronics Gift Guide - Top Tech for Gifting,INTERMEDIATE,INTERMEDIATE
Electronics,Deal of the Day: Up to 50% Off Select Tech Accessories,INTERMEDIATE,TRUE_LEAF
Electronics,Bose Store,INTERMEDIATE,PURE_PARENT
Electronics,Canon,INTERMEDIATE,PURE_PARENT
Electronics,Bestselling Renewed Smartphones,INTERMEDIATE,TRUE_LEAF
Electronics,Midland Dynamic Coop,INTERMEDIATE,TRUE_LEAF
Electronics,Popular Electronics,INTERMEDIATE,TRUE_LEAF
Electronics,Nikon,INTERMEDIATE,PURE_PARENT
Electronics,Intel Components,INTERMEDIATE,PURE_PARENT
Electronics,Electronics & Wireless Outlet,INTERMEDIATE,TRUE_LEAF
Electronics,Power Accessories,INTERMEDIATE,INTERMEDIATE
Electronics,Video Projectors,INTERMEDIATE,TRUE_LEAF
Electronics,Samsung Gift Ideas,INTERMEDIATE,TRUE_LEAF
Electronics,Tablet PCs,INTERMEDIATE,TRUE_LEAF
Electronics,Sony PC,INTERMEDIATE,PURE_PARENT
Electronics,Laptop Travel Accessories,INTERMEDIATE,TRUE_LEAF
Electronics,Pentax,INTERMEDIATE,PURE_PARENT
Electronics,Metra Dynamic Coop,INTERMEDIATE,TRUE_LEAF
Electronics,Select Favorites in Computer Accessories,INTERMEDIATE,TRUE_LEAF
Electronics,iPad Accessories,INTERMEDIATE,PURE_PARENT
Electronics,Discover Holiday - MP3 & Media Players,INTERMEDIATE,TRUE_LEAF
Electronics,Tech Accessories,INTERMEDIATE,TRUE_LEAF
Electronics,High-Tech Stocking Stuffers,INTERMEDIATE,TRUE_LEAF
Electronics,MP3 Players with Android,INTERMEDIATE,TRUE_LEAF
Electronics,Optoma Projectors,INTERMEDIATE,TRUE_LEAF
Electronics,Accessories & Supplies,INTERMEDIATE,INTERMEDIATE
Electronics,iPad Pro Accessories,INTERMEDIATE,TRUE_LEAF
Electronics,Television & Video,INTERMEDIATE,INTERMEDIATE
Electronics,Nexus Tablet Accessories,INTERMEDIATE,TRUE_LEAF
Electronics,V4 Customers Keep It - 50%,INTERMEDIATE,TRUE_LEAF
Electronics,Toshiba,INTERMEDIATE,INTERMEDIATE
Electronics,Bestselling Renewed Home Entertainment,INTERMEDIATE,TRUE_LEAF
Electronics,TomTom Dynamic Coop,INTERMEDIATE,TRUE_LEAF
Electronics,Wireless Components & Receivers,INTERMEDIATE,TRUE_LEAF
Electronics,Gaming PC,INTERMEDIATE,TRUE_LEAF
Electronics,Wearable Technology 1.0,INTERMEDIATE,TRUE_LEAF
Electronics,12-Month Financing on Computers,INTERMEDIATE,TRUE_LEAF
Electronics,Portable Audio Spring Outlet,INTERMEDIATE,TRUE_LEAF
Electronics,Midland Two-Way & Emergency Radios,INTERMEDIATE,TRUE_LEAF
Electronics,Adzinia CE Node,INTERMEDIATE,TRUE_LEAF
Electronics,Renewed Phones,INTERMEDIATE,TRUE_LEAF
Electronics,2014 Samsung Holiday TV Deals,INTERMEDIATE,TRUE_LEAF
Electronics,iPad Air Accessories,INTERMEDIATE,TRUE_LEAF
Electronics,New in Electronics,INTERMEDIATE,TRUE_LEAF
Electronics,Mother's Day Gifts in Electronics Accessories,INTERMEDIATE,TRUE_LEAF
Electronics,Flip Video,INTERMEDIATE,PURE_PARENT
Electronics,V4 Customers Keep It - 70%,INTERMEDIATE,TRUE_LEAF
Electronics,Video Game Consoles & Accessories,INTERMEDIATE,TRUE_LEAF
Electronics,Celestron,INTERMEDIATE,PURE_PARENT
Electronics,Computers and Accessories Quantity Pricing,INTERMEDIATE,TRUE_LEAF
Electronics,Must-Have Gadgets for Summer Travel,INTERMEDIATE,TRUE_LEAF
Electronics,Tech Accessories for Dads & Grads,INTERMEDIATE,PURE_PARENT
Electronics,Pyle,INTERMEDIATE,TRUE_LEAF
Electronics,Gifts,INTERMEDIATE,TRUE_LEAF
Electronics,Computers Low Return Rate Alert,INTERMEDIATE,TRUE_LEAF
Electronics,Amazon Cloud Drive T&C Offer,INTERMEDIATE,TRUE_LEAF
Electronics,Bluetooth,INTERMEDIATE,PURE_PARENT
Electronics,Fall Outlet Event in Computers & Accessories,INTERMEDIATE,PURE_PARENT
Electronics,Bounceback,INTERMEDIATE,TRUE_LEAF
Electronics,Western Digital,INTERMEDIATE,PURE_PARENT
Electronics,Wearable Technology: Wearables for Babies & Kids,INTERMEDIATE,TRUE_LEAF
Electronics,Entertainment Networking,INTERMEDIATE,PURE_PARENT
Electronics,Shop Dell Desktops,INTERMEDIATE,TRUE_LEAF
Electronics,New Arrivals - Electronics,INTERMEDIATE,INTERMEDIATE
Electronics,Deep Discounts in Portable Audio & Accessories,INTERMEDIATE,TRUE_LEAF
Electronics,Protective Tablet Accessories,INTERMEDIATE,PURE_PARENT
Electronics,"Deep Discounts in Camera, Photo & Video",INTERMEDIATE,TRUE_LEAF
Electronics,Featured iPad Accessories,INTERMEDIATE,TRUE_LEAF
Electronics,OnePlus,INTERMEDIATE,TRUE_LEAF
Electronics,Summer Road Trip-Electronics On the Go,INTERMEDIATE,TRUE_LEAF
Electronics,Back to School-Electronics On the Go,INTERMEDIATE,TRUE_LEAF
Electronics,Home Theater Projectors,INTERMEDIATE,TRUE_LEAF
Electronics,Televisions,INTERMEDIATE,INTERMEDIATE
Electronics,Valentine's Day,INTERMEDIATE,TRUE_LEAF
Electronics,Electronics Warranties,INTERMEDIATE,TRUE_LEAF
Electronics,Traditional Camcorders,INTERMEDIATE,TRUE_LEAF
Electronics,PC Products,INTERMEDIATE,PURE_PARENT
Electronics,Chromebook Savings,INTERMEDIATE,TRUE_LEAF
Electronics,Security & Surveillance,INTERMEDIATE,INTERMEDIATE
Electronics,Electronics Emergency Preparedness,INTERMEDIATE,TRUE_LEAF
Electronics,Home Audio Outlet,INTERMEDIATE,TRUE_LEAF
Electronics,Gear for the Urban Commuter,INTERMEDIATE,TRUE_LEAF
Electronics,Deep Discounts in Car Electronics and GPS & Navigation,INTERMEDIATE,TRUE_LEAF
Electronics,Sandisk Dynamic Coop,INTERMEDIATE,TRUE_LEAF
Electronics,Social Photography,INTERMEDIATE,TRUE_LEAF
Electronics,LG,INTERMEDIATE,TRUE_LEAF
Electronics,Back to School Tech Accessories,INTERMEDIATE,PURE_PARENT
Electronics,Premium TV & Audio,INTERMEDIATE,TRUE_LEAF
Electronics,iPad Air 2 & iPad mini 3 Accessories,INTERMEDIATE,PURE_PARENT
Electronics,FREE One-Day Shipping on Select Electronics with your Discover Card,INTERMEDIATE,TRUE_LEAF
Electronics,3P ASINs 1500,INTERMEDIATE,TRUE_LEAF
Electronics,Traditional Audio,INTERMEDIATE,TRUE_LEAF
Electronics,Belkin Dynamic Coop,INTERMEDIATE,TRUE_LEAF
Electronics,Discover Holiday - TV & Video,INTERMEDIATE,TRUE_LEAF
Electronics,Fitness Headphones,INTERMEDIATE,TRUE_LEAF
Electronics,Gifts for Dads & Grads in Electronics,INTERMEDIATE,TRUE_LEAF
Electronics,PC Gaming,INTERMEDIATE,INTERMEDIATE
Electronics,eBook Readers & Accessories,INTERMEDIATE,INTERMEDIATE
Electronics,FREE One Day Shipping with Citi-Electronics On the Go,INTERMEDIATE,TRUE_LEAF
Electronics,Electronics Outlet,INTERMEDIATE,TRUE_LEAF
Computers & Accessories,Computers & Tablets,INTERMEDIATE,INTERMEDIATE
Computers & Accessories,Tablet Replacement Parts,INTERMEDIATE,INTERMEDIATE
Computers & Accessories,Warranties & Services,INTERMEDIATE,INTERMEDIATE
Computers & Accessories,Data Storage,INTERMEDIATE,INTERMEDIATE
Computers & Accessories,Monitors,INTERMEDIATE,INTERMEDIATE
Computers & Accessories,Computer Components,INTERMEDIATE,INTERMEDIATE
Computers & Accessories,Networking Products,INTERMEDIATE,INTERMEDIATE
Computers & Accessories,Servers,INTERMEDIATE,TRUE_LEAF
Computers & Accessories,Laptop Accessories,INTERMEDIATE,INTERMEDIATE
Computers & Accessories,Tablet Accessories,INTERMEDIATE,INTERMEDIATE
Computers & Accessories,Computer Accessories & Peripherals,INTERMEDIATE,INTERMEDIATE
Power Accessories,Line Conditioners,INTERMEDIATE,TRUE_LEAF
Power Accessories,PDUs,INTERMEDIATE,TRUE_LEAF
Power Accessories,Isolation Transformers,INTERMEDIATE,TRUE_LEAF
Power Accessories,Power Converters,INTERMEDIATE,TRUE_LEAF
Power Accessories,AC Adapters,INTERMEDIATE,TRUE_LEAF
Computer Accessories & Peripherals,Cables & Accessories,INTERMEDIATE,INTERMEDIATE
Computer Accessories & Peripherals,"Keyboards, Mice & Accessories",INTERMEDIATE,INTERMEDIATE
Computer Accessories & Peripherals,Monitor Accessories,INTERMEDIATE,INTERMEDIATE
Computer Accessories & Peripherals,Uninterruptible Power Supply (UPS),INTERMEDIATE,TRUE_LEAF
Computer Accessories & Peripherals,Hard Drive Accessories,INTERMEDIATE,INTERMEDIATE
Computer Accessories & Peripherals,Racks & Cabinets,INTERMEDIATE,TRUE_LEAF
Computer Accessories & Peripherals,Cleaning & Repair,INTERMEDIATE,INTERMEDIATE
Computer Accessories & Peripherals,USB Gadgets,INTERMEDIATE,INTERMEDIATE
Computer Accessories & Peripherals,Media Storage,INTERMEDIATE,INTERMEDIATE
Computer Accessories & Peripherals,Input Devices,INTERMEDIATE,INTERMEDIATE
Computer Accessories & Peripherals,Computer Cable Adapters,INTERMEDIATE,INTERMEDIATE
Computer Accessories & Peripherals,Memory Card Accessories,INTERMEDIATE,INTERMEDIATE
Computer Accessories & Peripherals,Audio & Video Accessories,INTERMEDIATE,INTERMEDIATE
Computer Accessories & Peripherals,Game Hardware,INTERMEDIATE,TRUE_LEAF
Computer Accessories & Peripherals,Memory Cards,INTERMEDIATE,INTERMEDIATE
Computer Accessories & Peripherals,USB Hubs,INTERMEDIATE,TRUE_LEAF
Computer Accessories & Peripherals,Cable Security Devices,INTERMEDIATE,TRUE_LEAF
Computer Accessories & Peripherals,Blank Media,INTERMEDIATE,INTERMEDIATE
Cables & Accessories,Cable Connection Protectors,INTERMEDIATE,TRUE_LEAF
Cables & Accessories,Cables & Interconnects,INTERMEDIATE,INTERMEDIATE
Cables & Interconnects,VGA Cables,INTERMEDIATE,TRUE_LEAF
Cables & Interconnects,DVI,INTERMEDIATE,TRUE_LEAF
Cables & Interconnects,Firewire Cables,INTERMEDIATE,TRUE_LEAF
Cables & Interconnects,Mini-SAS Cables,INTERMEDIATE,TRUE_LEAF
Cables & Interconnects,PS/2 Cables,INTERMEDIATE,TRUE_LEAF
Cables & Interconnects,Lightning Cables,INTERMEDIATE,TRUE_LEAF
Cables & Interconnects,Parallel Cables,INTERMEDIATE,TRUE_LEAF
Cables & Interconnects,SATA Cables,INTERMEDIATE,TRUE_LEAF
Cables & Interconnects,USB Cables,INTERMEDIATE,TRUE_LEAF
Cables & Interconnects,Modem Cables,INTERMEDIATE,TRUE_LEAF
Cables & Interconnects,SCSI Cables,INTERMEDIATE,TRUE_LEAF
Cables & Interconnects,Flat Ribbon Cables,INTERMEDIATE,TRUE_LEAF
Cables & Interconnects,Ethernet Cables,INTERMEDIATE,INTERMEDIATE
Cables & Interconnects,Thunderbolt Cables,INTERMEDIATE,TRUE_LEAF
Cables & Interconnects,Serial Cables,INTERMEDIATE,TRUE_LEAF
Networking Products,Whole Home & Mesh Wi-Fi Systems,INTERMEDIATE,TRUE_LEAF
Networking Products,Wireless Access Points,INTERMEDIATE,TRUE_LEAF
Networking Products,Mobile Broadband Devices,INTERMEDIATE,TRUE_LEAF
Networking Products,Network Transceivers,INTERMEDIATE,TRUE_LEAF
Networking Products,Repeaters,INTERMEDIATE,TRUE_LEAF
Networking Products,Network Adapters,INTERMEDIATE,INTERMEDIATE
Networking Products,Switches,INTERMEDIATE,TRUE_LEAF
Networking Products,Modem Router Combos,INTERMEDIATE,TRUE_LEAF
Networking Products,Network Antennas,INTERMEDIATE,TRUE_LEAF
Networking Products,Device Servers,INTERMEDIATE,TRUE_LEAF
Networking Products,Hubs,INTERMEDIATE,TRUE_LEAF
Networking Products,Print Servers,INTERMEDIATE,TRUE_LEAF
Networking Products,Routers,INTERMEDIATE,TRUE_LEAF
Networking Products,Modems,INTERMEDIATE,TRUE_LEAF
"Headphones, Earbuds & Accessories",Extension Cords,INTERMEDIATE,TRUE_LEAF
"Headphones, Earbuds & Accessories",Headphones & Earbuds,INTERMEDIATE,INTERMEDIATE
"Headphones, Earbuds & Accessories",Amplifiers,INTERMEDIATE,INTERMEDIATE
"Headphones, Earbuds & Accessories",Adapters,INTERMEDIATE,TRUE_LEAF
"Headphones, Earbuds & Accessories",Earpads,INTERMEDIATE,TRUE_LEAF
"Headphones, Earbuds & Accessories",Cases,INTERMEDIATE,INTERMEDIATE
Headphones & Earbuds,Earbud Headphones,INTERMEDIATE,TRUE_LEAF
Headphones & Earbuds,On-Ear Headphones,INTERMEDIATE,TRUE_LEAF
Headphones & Earbuds,Over-Ear Headphones,INTERMEDIATE,TRUE_LEAF
Headphones & Earbuds,Open-Ear Headphones,INTERMEDIATE,TRUE_LEAF
Home Audio,Home Audio Accessories,INTERMEDIATE,INTERMEDIATE
Home Audio,Turntables & Accessories,INTERMEDIATE,INTERMEDIATE
Home Audio,Home Theater,INTERMEDIATE,INTERMEDIATE
Home Audio,Compact Radios & Stereos,INTERMEDIATE,INTERMEDIATE
Home Audio,Stereo System Components,INTERMEDIATE,INTERMEDIATE
Home Audio,Wireless & Streaming Audio,INTERMEDIATE,INTERMEDIATE
Home Audio,Speakers,INTERMEDIATE,INTERMEDIATE
Home Audio Accessories,Connectors & Adapters,INTERMEDIATE,TRUE_LEAF
Home Audio Accessories,Cables,INTERMEDIATE,INTERMEDIATE
Home Audio Accessories,Distribution,INTERMEDIATE,INTERMEDIATE
Home Audio Accessories,Speaker Parts & Components,INTERMEDIATE,INTERMEDIATE
Home Audio Accessories,Speaker Accessories,INTERMEDIATE,INTERMEDIATE
Home Audio Accessories,Digital-Analog Converters,INTERMEDIATE,TRUE_LEAF
Home Audio Accessories,Home Audio Crossovers & Parts,INTERMEDIATE,INTERMEDIATE
Home Audio Accessories,Blank Media,INTERMEDIATE,INTERMEDIATE
Cables,Power Cords,INTERMEDIATE,TRUE_LEAF
Cables,Stereo Jack Cables,INTERMEDIATE,TRUE_LEAF
Cables,Composite Cables,INTERMEDIATE,TRUE_LEAF
Cables,S-Video Cables,INTERMEDIATE,TRUE_LEAF
Cables,RCA,INTERMEDIATE,TRUE_LEAF
Cables,Optical,INTERMEDIATE,TRUE_LEAF
Cables,Coaxial Cables,INTERMEDIATE,TRUE_LEAF
Cables,Speaker,INTERMEDIATE,TRUE_LEAF
Cables,Component Cables,INTERMEDIATE,TRUE_LEAF
Cables,HDMI Cables,INTERMEDIATE,TRUE_LEAF
Cables,Coaxial,INTERMEDIATE,TRUE_LEAF
Cables,Subwoofer,INTERMEDIATE,TRUE_LEAF
Portable Audio & Video,Radios,INTERMEDIATE,INTERMEDIATE
Portable Audio & Video,MP3 & MP4 Players,INTERMEDIATE,TRUE_LEAF
Portable Audio & Video,Portable Speakers & Docks,INTERMEDIATE,INTERMEDIATE
Portable Audio & Video,Digital Voice Recorders,INTERMEDIATE,TRUE_LEAF
Portable Audio & Video,MP3 & MP4 Player Accessories,INTERMEDIATE,INTERMEDIATE
Portable Audio & Video,Microcassette Recorders,INTERMEDIATE,TRUE_LEAF
Portable Audio & Video,Boomboxes,INTERMEDIATE,TRUE_LEAF
Portable Audio & Video,Cassette Players & Recorders,INTERMEDIATE,TRUE_LEAF
Portable Audio & Video,Portable DVD Players,INTERMEDIATE,TRUE_LEAF
Portable Audio & Video,Portable & Handheld TVs,INTERMEDIATE,TRUE_LEAF
Portable Audio & Video,CB & Two-Way Radios,INTERMEDIATE,INTERMEDIATE
Portable Audio & Video,Portable CD Players,INTERMEDIATE,TRUE_LEAF
Portable Audio & Video,Minidisc Players,INTERMEDIATE,TRUE_LEAF
CB & Two-Way Radios,Two-Way Radios,INTERMEDIATE,TRUE_LEAF
CB & Two-Way Radios,CB Radios & Scanners,INTERMEDIATE,INTERMEDIATE
CB & Two-Way Radios,Accessories,INTERMEDIATE,INTERMEDIATE
Accessories,Antennas,INTERMEDIATE,INTERMEDIATE
Accessories,Surveillance Camera Lenses,INTERMEDIATE,TRUE_LEAF
Accessories,TV Replacement Lamps,INTERMEDIATE,TRUE_LEAF
Accessories,Binocular Accessories,INTERMEDIATE,TRUE_LEAF
Accessories,Remote Control Extenders,INTERMEDIATE,TRUE_LEAF
Accessories,Lens Accessories,INTERMEDIATE,INTERMEDIATE
Accessories,Headsets & Microphones,INTERMEDIATE,TRUE_LEAF
Accessories,Projector Accessories,INTERMEDIATE,INTERMEDIATE
Accessories,Surveillance Camera Cables,INTERMEDIATE,TRUE_LEAF
Accessories,CD & DVD Racks,INTERMEDIATE,INTERMEDIATE
Accessories,3D Glasses,INTERMEDIATE,TRUE_LEAF
Accessories,All,INTERMEDIATE,TRUE_LEAF
Accessories,Viewfinders,INTERMEDIATE,TRUE_LEAF
Accessories,Cables,INTERMEDIATE,INTERMEDIATE
Accessories,Telescope & Microscope Accessories,INTERMEDIATE,INTERMEDIATE
Accessories,Satellite Equipment,INTERMEDIATE,INTERMEDIATE
Accessories,Filters & Accessories,INTERMEDIATE,INTERMEDIATE
Accessories,Flash Accessories,INTERMEDIATE,INTERMEDIATE
Accessories,Camera Accessories,INTERMEDIATE,PURE_PARENT
Accessories,Cables & Cords,INTERMEDIATE,TRUE_LEAF
Accessories,Cleaning Equipment,INTERMEDIATE,INTERMEDIATE
Accessories,Office Electronics Accessories,INTERMEDIATE,INTERMEDIATE
Accessories,Remote Controls,INTERMEDIATE,TRUE_LEAF
Accessories,Professional Video Accessories,INTERMEDIATE,INTERMEDIATE
Accessories,Rain Covers,INTERMEDIATE,TRUE_LEAF
Accessories,"TV Mounts, Stands & Turntables",INTERMEDIATE,INTERMEDIATE
Accessories,Digital Camera Accessories,INTERMEDIATE,INTERMEDIATE
Accessories,Video Converters,INTERMEDIATE,TRUE_LEAF
Accessories,Darkroom Supplies,INTERMEDIATE,INTERMEDIATE
Accessories,Batteries & Adapters,INTERMEDIATE,TRUE_LEAF
Accessories,Blank Video Media,INTERMEDIATE,INTERMEDIATE
Accessories,Cleaning,INTERMEDIATE,INTERMEDIATE
Accessories,Cases,INTERMEDIATE,INTERMEDIATE
Accessories,VCR Rewinders,INTERMEDIATE,TRUE_LEAF
Accessories,IR Illuminators,INTERMEDIATE,TRUE_LEAF
Accessories,Batteries,INTERMEDIATE,INTERMEDIATE
Accessories,Tripod & Monopod Accessories,INTERMEDIATE,INTERMEDIATE
Accessories,Surveillance Housing & Mounting Brackets,INTERMEDIATE,TRUE_LEAF
Accessories,TV Display Protectors,INTERMEDIATE,TRUE_LEAF
Accessories,Access-Control Keypads,INTERMEDIATE,TRUE_LEAF
Accessories,Television Replacement Parts,INTERMEDIATE,TRUE_LEAF
Accessories,RF Modulators,INTERMEDIATE,TRUE_LEAF
Accessories,Batteries & Chargers,INTERMEDIATE,INTERMEDIATE
Accessories,Camcorder Accessories,INTERMEDIATE,INTERMEDIATE
Accessories,Slide Projectors,INTERMEDIATE,TRUE_LEAF
Accessories,Accessory Bundles,INTERMEDIATE,TRUE_LEAF
Accessories,Battery Chargers,INTERMEDIATE,INTERMEDIATE
Camera & Photo,Lighting & Studio,INTERMEDIATE,INTERMEDIATE
Camera & Photo,Film Photography,INTERMEDIATE,INTERMEDIATE
Camera & Photo,Flashes,INTERMEDIATE,INTERMEDIATE
Camera & Photo,Lenses,INTERMEDIATE,INTERMEDIATE
Camera & Photo,Video Surveillance,INTERMEDIATE,INTERMEDIATE
Camera & Photo,Underwater Photography,INTERMEDIATE,INTERMEDIATE
Camera & Photo,Tripods & Monopods,INTERMEDIATE,INTERMEDIATE
Camera & Photo,Video,INTERMEDIATE,INTERMEDIATE
Camera & Photo,Printers & Scanners,INTERMEDIATE,INTERMEDIATE
Camera & Photo,Accessories,INTERMEDIATE,INTERMEDIATE
Camera & Photo,Bags & Cases,INTERMEDIATE,INTERMEDIATE
Camera & Photo,Simulated Cameras,INTERMEDIATE,TRUE_LEAF
Camera & Photo,Binoculars & Scopes,INTERMEDIATE,INTERMEDIATE
Camera & Photo,Digital Cameras,INTERMEDIATE,INTERMEDIATE
Tripods & Monopods,Monopods,INTERMEDIATE,TRUE_LEAF
Tripods & Monopods,Tripod Heads,INTERMEDIATE,TRUE_LEAF
Tripods & Monopods,Monopod Heads,INTERMEDIATE,TRUE_LEAF
Tripods & Monopods,Complete Tripods,INTERMEDIATE,TRUE_LEAF
Tripods & Monopods,Tripod Legs,INTERMEDIATE,TRUE_LEAF
Tripods & Monopods,Tabletop & Travel Tripods,INTERMEDIATE,TRUE_LEAF
CB Radios & Scanners,Fixed-mount CB Radios,INTERMEDIATE,TRUE_LEAF
CB Radios & Scanners,Handheld CB Radios,INTERMEDIATE,TRUE_LEAF
Tablet Accessories,Stands,INTERMEDIATE,TRUE_LEAF
Tablet Accessories,Chargers & Adapters,INTERMEDIATE,TRUE_LEAF
Tablet Accessories,Keyboards,INTERMEDIATE,INTERMEDIATE
Tablet Accessories,"Bags, Cases & Sleeves",INTERMEDIATE,INTERMEDIATE
Tablet Accessories,Screen Protectors,INTERMEDIATE,INTERMEDIATE
Tablet Accessories,Screen Filters,INTERMEDIATE,TRUE_LEAF
Tablet Accessories,Mounts,INTERMEDIATE,INTERMEDIATE
"Bags, Cases & Sleeves",Backpacks,INTERMEDIATE,TRUE_LEAF
"Bags, Cases & Sleeves",Messenger & Shoulder Bags,INTERMEDIATE,TRUE_LEAF
"Bags, Cases & Sleeves",Sleeves,INTERMEDIATE,TRUE_LEAF
"Bags, Cases & Sleeves",Briefcases,INTERMEDIATE,TRUE_LEAF
"Bags, Cases & Sleeves",Hard Shell Cases,INTERMEDIATE,TRUE_LEAF
"Bags, Cases & Sleeves",Bags,INTERMEDIATE,TRUE_LEAF
"Bags, Cases & Sleeves",Keyboard Cases,INTERMEDIATE,TRUE_LEAF
"Bags, Cases & Sleeves",Cases,INTERMEDIATE,INTERMEDIATE
Television & Video,VCRs,INTERMEDIATE,TRUE_LEAF
Television & Video,DVD Players & Recorders,INTERMEDIATE,INTERMEDIATE
Television & Video,Video Glasses,INTERMEDIATE,TRUE_LEAF
Television & Video,Home Theater Systems,INTERMEDIATE,TRUE_LEAF
Television & Video,Satellite Television,INTERMEDIATE,INTERMEDIATE
Television & Video,HD DVD Players,INTERMEDIATE,TRUE_LEAF
Television & Video,DVD-VCR Combos,INTERMEDIATE,TRUE_LEAF
Television & Video,Accessories,INTERMEDIATE,INTERMEDIATE
Television & Video,Analog-to-Digital (DTV) Converters,INTERMEDIATE,TRUE_LEAF
Television & Video,Blu-ray Players & Recorders,INTERMEDIATE,INTERMEDIATE
Television & Video,AV Receivers & Amplifiers,INTERMEDIATE,TRUE_LEAF
Television & Video,Streaming Media Players,INTERMEDIATE,TRUE_LEAF
Television & Video,Televisions,INTERMEDIATE,INTERMEDIATE
Television & Video,TV-DVD Combos,INTERMEDIATE,TRUE_LEAF
Satellite Equipment,Splitters,INTERMEDIATE,TRUE_LEAF
Satellite Equipment,Mounting Accessories,INTERMEDIATE,INTERMEDIATE
Lens Accessories,Tripod Mount Rings,INTERMEDIATE,TRUE_LEAF
Lens Accessories,Adapters & Converters,INTERMEDIATE,TRUE_LEAF
Lens Accessories,Diopters,INTERMEDIATE,TRUE_LEAF
Lens Accessories,Lens Hoods,INTERMEDIATE,TRUE_LEAF
Lens Accessories,Matte Boxes,INTERMEDIATE,TRUE_LEAF
Lens Accessories,Extension Tubes,INTERMEDIATE,TRUE_LEAF
Lens Accessories,Lens Caps,INTERMEDIATE,TRUE_LEAF
Lens Accessories,Follow-Focus Levers,INTERMEDIATE,TRUE_LEAF
Lens Accessories,Lens Supports,INTERMEDIATE,TRUE_LEAF
"GPS, Finders & Accessories",GPS Trackers,INTERMEDIATE,TRUE_LEAF
"GPS, Finders & Accessories",GPS System Accessories,INTERMEDIATE,INTERMEDIATE
"GPS, Finders & Accessories",Item Finders,INTERMEDIATE,TRUE_LEAF
"GPS, Finders & Accessories",Sports & Handheld GPS,INTERMEDIATE,INTERMEDIATE
"GPS, Finders & Accessories",Vehicle GPS,INTERMEDIATE,INTERMEDIATE
"GPS, Finders & Accessories",Trucking GPS,INTERMEDIATE,TRUE_LEAF
Security & Surveillance,Accessories,INTERMEDIATE,INTERMEDIATE
Security & Surveillance,Biometrics,INTERMEDIATE,TRUE_LEAF
Security & Surveillance,Radio Scanners,INTERMEDIATE,TRUE_LEAF
Security & Surveillance,Surveillance Video Equipment,INTERMEDIATE,INTERMEDIATE
Security & Surveillance,Horns & Sirens,INTERMEDIATE,TRUE_LEAF
Security & Surveillance,Motion Detectors,INTERMEDIATE,TRUE_LEAF
Security & Surveillance,Home Security Systems,INTERMEDIATE,TRUE_LEAF
Portable Speakers & Docks,Audio Docks,INTERMEDIATE,TRUE_LEAF
Portable Speakers & Docks,Portable Line-In Speakers,INTERMEDIATE,TRUE_LEAF
Portable Speakers & Docks,Portable Bluetooth Speakers,INTERMEDIATE,TRUE_LEAF
Bags & Cases,Camcorder Cases,INTERMEDIATE,TRUE_LEAF
Bags & Cases,Binocular Cases,INTERMEDIATE,TRUE_LEAF
Bags & Cases,Bag & Case Accessories,INTERMEDIATE,TRUE_LEAF
Bags & Cases,Tripod & Monopod Cases,INTERMEDIATE,TRUE_LEAF
Bags & Cases,Lens Cases,INTERMEDIATE,TRUE_LEAF
Bags & Cases,"Binocular, Camera & Camcorder Straps",INTERMEDIATE,TRUE_LEAF
Bags & Cases,Camera Cases,INTERMEDIATE,TRUE_LEAF
Bags & Cases,Telescope Cases,INTERMEDIATE,TRUE_LEAF
Computers & Tablets,Tablets,INTERMEDIATE,TRUE_LEAF
Computers & Tablets,Laptops,INTERMEDIATE,INTERMEDIATE
Computers & Tablets,Desktops,INTERMEDIATE,INTERMEDIATE
Laptops,2 in 1 Laptops,INTERMEDIATE,TRUE_LEAF
Laptops,Traditional Laptops,INTERMEDIATE,TRUE_LEAF
Computer Components,Internal Components,INTERMEDIATE,INTERMEDIATE
Computer Components,External Components,INTERMEDIATE,INTERMEDIATE
Computer Components,Computer Screws,INTERMEDIATE,TRUE_LEAF
Computer Components,Laptop Replacement Parts,INTERMEDIATE,TRUE_LEAF
Computer Components,Desktop Barebones,INTERMEDIATE,TRUE_LEAF
Computer Components,Single Board Computers,INTERMEDIATE,TRUE_LEAF
Internal Components,Memory,INTERMEDIATE,TRUE_LEAF
Internal Components,Internal Optical Drives,INTERMEDIATE,INTERMEDIATE
Internal Components,Internal TV Tuner & Capture Cards,INTERMEDIATE,TRUE_LEAF
Internal Components,Internal Power Supplies,INTERMEDIATE,TRUE_LEAF
Internal Components,CPU Processors,INTERMEDIATE,TRUE_LEAF
Internal Components,Internal Memory Card Readers,INTERMEDIATE,TRUE_LEAF
Internal Components,Fans & Cooling,INTERMEDIATE,INTERMEDIATE
Internal Components,Graphics Cards,INTERMEDIATE,TRUE_LEAF
Internal Components,I/O Port Cards,INTERMEDIATE,INTERMEDIATE
Internal Components,Internal Sound Cards,INTERMEDIATE,TRUE_LEAF
Internal Components,Internal Modems,INTERMEDIATE,TRUE_LEAF
Internal Components,Motherboards,INTERMEDIATE,TRUE_LEAF
Internal Components,Network Cards,INTERMEDIATE,TRUE_LEAF
Digital Cameras,Point & Shoot Digital Cameras,INTERMEDIATE,TRUE_LEAF
Digital Cameras,Instant Cameras,INTERMEDIATE,TRUE_LEAF
Digital Cameras,Mirrorless Cameras,INTERMEDIATE,TRUE_LEAF
Digital Cameras,DSLR Cameras,INTERMEDIATE,TRUE_LEAF
Cleaning,Record Cleaners & Cleaning Supplies,INTERMEDIATE,TRUE_LEAF
Cleaning,Disc Cleaners,INTERMEDIATE,TRUE_LEAF
Cleaning,Disc Repair Kits,INTERMEDIATE,TRUE_LEAF
Cleaning,Lens Cleaners,INTERMEDIATE,TRUE_LEAF
Cleaning,Head Cleaners,INTERMEDIATE,TRUE_LEAF
Sports & Handheld GPS,Handheld GPS Units,INTERMEDIATE,TRUE_LEAF
Sports & Handheld GPS,Golf Course GPS Units,INTERMEDIATE,TRUE_LEAF
Sports & Handheld GPS,Cycling GPS Units,INTERMEDIATE,TRUE_LEAF
Sports & Handheld GPS,Running GPS Units,INTERMEDIATE,TRUE_LEAF
Computer Cable Adapters,DVI-HDMI Adapters,INTERMEDIATE,TRUE_LEAF
Computer Cable Adapters,USB-to-VGA Adapters,INTERMEDIATE,TRUE_LEAF
Computer Cable Adapters,USB-to-USB Adapters,INTERMEDIATE,TRUE_LEAF
Computer Cable Adapters,HDMI-to-VGA Adapters,INTERMEDIATE,TRUE_LEAF
Computer Cable Adapters,Parallel Adapters,INTERMEDIATE,TRUE_LEAF
Computer Cable Adapters,Gender Changers,INTERMEDIATE,TRUE_LEAF
Computer Cable Adapters,Firewire Adapters,INTERMEDIATE,TRUE_LEAF
Computer Cable Adapters,SCSI Adapters,INTERMEDIATE,TRUE_LEAF
Computer Cable Adapters,Serial Adapters,INTERMEDIATE,TRUE_LEAF
Input Devices,Touch Pads,INTERMEDIATE,TRUE_LEAF
Input Devices,Digital Pens,INTERMEDIATE,TRUE_LEAF
Input Devices,Numeric Keypads,INTERMEDIATE,TRUE_LEAF
Input Devices,Trackballs,INTERMEDIATE,TRUE_LEAF
Input Devices,Graphics Tablets,INTERMEDIATE,TRUE_LEAF
Televisions,QLED TVs,INTERMEDIATE,TRUE_LEAF
Televisions,OLED TVs,INTERMEDIATE,TRUE_LEAF
Televisions,LED & LCD TVs,INTERMEDIATE,TRUE_LEAF
Data Storage,Network Attached Storage,INTERMEDIATE,INTERMEDIATE
Data Storage,External Solid State Drives,INTERMEDIATE,TRUE_LEAF
Data Storage,External Hard Drives,INTERMEDIATE,INTERMEDIATE
Data Storage,Internal Hard Drives,INTERMEDIATE,TRUE_LEAF
Data Storage,External Zip Drives,INTERMEDIATE,TRUE_LEAF
Data Storage,USB Flash Drives,INTERMEDIATE,TRUE_LEAF
Data Storage,Floppy & Tape Drives,INTERMEDIATE,TRUE_LEAF
Data Storage,Internal Solid State Drives,INTERMEDIATE,TRUE_LEAF
Accessories & Supplies,Cables,INTERMEDIATE,INTERMEDIATE
Accessories & Supplies,Mounts,INTERMEDIATE,INTERMEDIATE
Accessories & Supplies,Telephone Accessories,INTERMEDIATE,INTERMEDIATE
Accessories & Supplies,Cord Management,INTERMEDIATE,INTERMEDIATE
Accessories & Supplies,Power Strips & Surge Protectors,INTERMEDIATE,INTERMEDIATE
Accessories & Supplies,Office Electronics Accessories,INTERMEDIATE,INTERMEDIATE
Accessories & Supplies,Cable Organizer Bags & Cases,INTERMEDIATE,TRUE_LEAF
Cord Management,Cable Ties,INTERMEDIATE,TRUE_LEAF
Cord Management,Cable Sleeves,INTERMEDIATE,TRUE_LEAF
Cord Management,Cord Reels,INTERMEDIATE,TRUE_LEAF
Cord Management,Cable Raceways,INTERMEDIATE,TRUE_LEAF
Cord Management,Cable Straps,INTERMEDIATE,TRUE_LEAF
Cord Management,Floor Cord Covers,INTERMEDIATE,TRUE_LEAF
Video Surveillance,Surveillance Cameras,INTERMEDIATE,INTERMEDIATE
Video Surveillance,Surveillance Systems,INTERMEDIATE,TRUE_LEAF
Video Surveillance,Installation Services,INTERMEDIATE,TRUE_LEAF
Video Surveillance,Surveillance Accessories,INTERMEDIATE,TRUE_LEAF
Surveillance Cameras,Bullet Cameras,INTERMEDIATE,TRUE_LEAF
Surveillance Cameras,Dome Cameras,INTERMEDIATE,TRUE_LEAF
Surveillance Cameras,Hidden Cameras,INTERMEDIATE,TRUE_LEAF
Car & Vehicle Electronics,Aviation Electronics,INTERMEDIATE,INTERMEDIATE
Car & Vehicle Electronics,Car Electronics,INTERMEDIATE,INTERMEDIATE
Car & Vehicle Electronics,Marine Electronics,INTERMEDIATE,INTERMEDIATE
Car & Vehicle Electronics,Vehicle Electronics Accessories,INTERMEDIATE,INTERMEDIATE
Car Electronics,Car Video,INTERMEDIATE,INTERMEDIATE
Car Electronics,Car Safety & Security,INTERMEDIATE,INTERMEDIATE
Car Electronics,Car Audio,INTERMEDIATE,INTERMEDIATE
Car Audio,Equalizers,INTERMEDIATE,TRUE_LEAF
Car Audio,Amplifiers,INTERMEDIATE,INTERMEDIATE
Car Audio,Changers,INTERMEDIATE,TRUE_LEAF
Car Audio,Satellite Radio,INTERMEDIATE,TRUE_LEAF
Car Audio,Digital Media Receivers,INTERMEDIATE,TRUE_LEAF
Car Audio,Car Stereo Receivers,INTERMEDIATE,TRUE_LEAF
Car Audio,Subwoofers,INTERMEDIATE,INTERMEDIATE
Car Audio,Speakers,INTERMEDIATE,INTERMEDIATE
Subwoofers,Component Subwoofers,INTERMEDIATE,TRUE_LEAF
Subwoofers,Subwoofer Boxes & Enclosures,INTERMEDIATE,TRUE_LEAF
Subwoofers,Enclosed Subwoofer Systems,INTERMEDIATE,TRUE_LEAF
"Keyboards, Mice & Accessories",Keyboard & Mouse Combos,INTERMEDIATE,TRUE_LEAF
"Keyboards, Mice & Accessories",Keyboard & Mice Accessories,INTERMEDIATE,INTERMEDIATE
"Keyboards, Mice & Accessories",Mice,INTERMEDIATE,TRUE_LEAF
"Keyboards, Mice & Accessories",Keyboards,INTERMEDIATE,INTERMEDIATE
Telephone Accessories,Caller ID Displays,INTERMEDIATE,TRUE_LEAF
Telephone Accessories,Batteries,INTERMEDIATE,INTERMEDIATE
Telephone Accessories,Headsets,INTERMEDIATE,TRUE_LEAF
Telephone Accessories,Wireless Jack Systems,INTERMEDIATE,TRUE_LEAF
Telephone Accessories,Phone Cards,INTERMEDIATE,TRUE_LEAF
Telephone Accessories,Telephone Cords,INTERMEDIATE,TRUE_LEAF
Fans & Cooling,Case Fans,INTERMEDIATE,TRUE_LEAF
Fans & Cooling,Water Cooling Systems,INTERMEDIATE,TRUE_LEAF
Fans & Cooling,Grills,INTERMEDIATE,TRUE_LEAF
Fans & Cooling,Thermal Paste & Pads,INTERMEDIATE,INTERMEDIATE
Fans & Cooling,HDD Cooling Fans,INTERMEDIATE,TRUE_LEAF
Fans & Cooling,Heatsinks,INTERMEDIATE,TRUE_LEAF
Fans & Cooling,Graphics Card Fans,INTERMEDIATE,TRUE_LEAF
Fans & Cooling,CPU Cooling Fans,INTERMEDIATE,TRUE_LEAF
"Household Batteries, Chargers & Accessories",Battery Holders,INTERMEDIATE,TRUE_LEAF
"Household Batteries, Chargers & Accessories",Battery & Charger Sets,INTERMEDIATE,INTERMEDIATE
"Household Batteries, Chargers & Accessories",Battery Storage Containers,INTERMEDIATE,TRUE_LEAF
"Household Batteries, Chargers & Accessories",Battery Testers,INTERMEDIATE,TRUE_LEAF
"Household Batteries, Chargers & Accessories",Battery Chargers,INTERMEDIATE,INTERMEDIATE
Wearable Technology,Rings,INTERMEDIATE,TRUE_LEAF
Wearable Technology,Glasses,INTERMEDIATE,TRUE_LEAF
Wearable Technology,Smart Clip Accessories,INTERMEDIATE,TRUE_LEAF
Wearable Technology,Virtual Reality,INTERMEDIATE,TRUE_LEAF
Wearable Technology,"Clips, Arm & Wristbands",INTERMEDIATE,TRUE_LEAF
Wearable Technology,Smartwatches,INTERMEDIATE,TRUE_LEAF
Wearable Technology,Arm & Wristband Accessories,INTERMEDIATE,INTERMEDIATE
Car Video,Car Headphones,INTERMEDIATE,TRUE_LEAF
Car Video,Surround Processors,INTERMEDIATE,TRUE_LEAF
Car Video,Overhead Video,INTERMEDIATE,TRUE_LEAF
Car Video,On-Dash Cameras,INTERMEDIATE,TRUE_LEAF
Car Video,In-Visor Video,INTERMEDIATE,TRUE_LEAF
Car Video,In-Dash Navigation,INTERMEDIATE,TRUE_LEAF
Car Video,In-Dash DVD & Video Receivers,INTERMEDIATE,TRUE_LEAF
Car Video,TV Tuners,INTERMEDIATE,TRUE_LEAF
Car Video,In-Mirror Video,INTERMEDIATE,TRUE_LEAF
Car Video,Headrest Video,INTERMEDIATE,TRUE_LEAF
Keyboard & Mice Accessories,Keyboard Skins,INTERMEDIATE,TRUE_LEAF
Keyboard & Mice Accessories,Keycaps,INTERMEDIATE,TRUE_LEAF
Laptop Accessories,Stands,INTERMEDIATE,TRUE_LEAF
Laptop Accessories,Replacement Screens,INTERMEDIATE,TRUE_LEAF
Laptop Accessories,Batteries,INTERMEDIATE,INTERMEDIATE
Laptop Accessories,Chargers & Adapters,INTERMEDIATE,TRUE_LEAF
Laptop Accessories,Security Locks,INTERMEDIATE,TRUE_LEAF
Laptop Accessories,Cooling Pads & External Fans,INTERMEDIATE,INTERMEDIATE
Laptop Accessories,"Bags, Cases & Sleeves",INTERMEDIATE,INTERMEDIATE
Laptop Accessories,Screen Protectors,INTERMEDIATE,INTERMEDIATE
Laptop Accessories,Screen Filters,INTERMEDIATE,TRUE_LEAF
Laptop Accessories,Mounts,INTERMEDIATE,INTERMEDIATE
Laptop Accessories,Docking Stations,INTERMEDIATE,TRUE_LEAF
Laptop Accessories,Skins & Decals,INTERMEDIATE,INTERMEDIATE
Laptop Accessories,Camera Privacy Covers,INTERMEDIATE,TRUE_LEAF
Skins & Decals,Decals,INTERMEDIATE,TRUE_LEAF
Skins & Decals,Skins,INTERMEDIATE,TRUE_LEAF
Mounts,Speaker Mounts,INTERMEDIATE,TRUE_LEAF
Lighting & Studio,Lighting,INTERMEDIATE,INTERMEDIATE
Lighting & Studio,Video Studio,INTERMEDIATE,PURE_PARENT
Lighting & Studio,Photo Studio,INTERMEDIATE,INTERMEDIATE
Lighting & Studio,Light Meters & Accessories,INTERMEDIATE,INTERMEDIATE
Photo Studio,Posing Props,INTERMEDIATE,TRUE_LEAF
Photo Studio,Backgrounds,INTERMEDIATE,TRUE_LEAF
Photo Studio,Copying Equipment,INTERMEDIATE,TRUE_LEAF
Photo Studio,Storage & Presentation Materials,INTERMEDIATE,INTERMEDIATE
Photo Studio,Background Support Equipment,INTERMEDIATE,TRUE_LEAF
Photo Studio,Shooting Tents,INTERMEDIATE,TRUE_LEAF
Photo Studio,Sandbags,INTERMEDIATE,TRUE_LEAF
Photo Studio,Shooting Tables,INTERMEDIATE,TRUE_LEAF
Storage & Presentation Materials,Archival Storage Binders,INTERMEDIATE,TRUE_LEAF
Storage & Presentation Materials,Portfolios,INTERMEDIATE,TRUE_LEAF
Storage & Presentation Materials,"Slide, Negative & Print Pages",INTERMEDIATE,TRUE_LEAF
Storage & Presentation Materials,Archival Boxes,INTERMEDIATE,TRUE_LEAF
Storage & Presentation Materials,Digital Picture Frames,INTERMEDIATE,TRUE_LEAF
Audio & Video Accessories,Computer Speakers,INTERMEDIATE,TRUE_LEAF
Audio & Video Accessories,Antennas,INTERMEDIATE,INTERMEDIATE
Audio & Video Accessories,Computer Microphones,INTERMEDIATE,TRUE_LEAF
Audio & Video Accessories,Bluetooth Headsets,INTERMEDIATE,TRUE_LEAF
Audio & Video Accessories,Auxiliary Input Adapters,INTERMEDIATE,TRUE_LEAF
Audio & Video Accessories,Remote Controls,INTERMEDIATE,TRUE_LEAF
Audio & Video Accessories,Speaker Systems,INTERMEDIATE,TRUE_LEAF
Audio & Video Accessories,Bluetooth Car Kits,INTERMEDIATE,TRUE_LEAF
Audio & Video Accessories,Power Adapters,INTERMEDIATE,TRUE_LEAF
Audio & Video Accessories,Webcams & VoIP Equipment,INTERMEDIATE,INTERMEDIATE
Audio & Video Accessories,Computer Headsets,INTERMEDIATE,TRUE_LEAF
Mounting Accessories,Satellite Dish Mounts,INTERMEDIATE,TRUE_LEAF
Mounting Accessories,Satellite Finders,INTERMEDIATE,TRUE_LEAF
Radios,Shortwave Radios,INTERMEDIATE,TRUE_LEAF
Radios,Personal Radios,INTERMEDIATE,TRUE_LEAF
Radios,Weather Radios,INTERMEDIATE,TRUE_LEAF
Blank Media,DVD+R,INTERMEDIATE,TRUE_LEAF
Blank Media,DVD-RAM,INTERMEDIATE,TRUE_LEAF
Blank Media,Data Cartridges,INTERMEDIATE,TRUE_LEAF
Blank Media,DVD-R,INTERMEDIATE,TRUE_LEAF
Blank Media,CD-RW,INTERMEDIATE,TRUE_LEAF
Blank Media,BD-RE,INTERMEDIATE,TRUE_LEAF
Blank Media,DVD+RW,INTERMEDIATE,TRUE_LEAF
Blank Media,MiniDiscs,INTERMEDIATE,TRUE_LEAF
Blank Media,BD-R,INTERMEDIATE,TRUE_LEAF
Blank Media,DVD-RW,INTERMEDIATE,TRUE_LEAF
Blank Media,Floppy Diskettes,INTERMEDIATE,TRUE_LEAF
Blank Media,CD-R,INTERMEDIATE,TRUE_LEAF
Blank Media,Zip Media,INTERMEDIATE,TRUE_LEAF
Blank Media,DATs,INTERMEDIATE,TRUE_LEAF
"TV Mounts, Stands & Turntables",TV Turntables,INTERMEDIATE,TRUE_LEAF
"TV Mounts, Stands & Turntables",TV Wall & Ceiling Mounts,INTERMEDIATE,TRUE_LEAF
"TV Mounts, Stands & Turntables",TV Mount Stands,INTERMEDIATE,TRUE_LEAF
Hard Drive Accessories,Mounting Brackets,INTERMEDIATE,TRUE_LEAF
Hard Drive Accessories,Enclosures,INTERMEDIATE,TRUE_LEAF
Hard Drive Accessories,Caddies,INTERMEDIATE,TRUE_LEAF
Hard Drive Accessories,Docking Stations,INTERMEDIATE,TRUE_LEAF
Hard Drive Accessories,Hard Drive Bags & Cases,INTERMEDIATE,TRUE_LEAF
GPS System Accessories,Screen Protector Foils,INTERMEDIATE,TRUE_LEAF
GPS System Accessories,Vehicle Mounts,INTERMEDIATE,TRUE_LEAF
GPS System Accessories,Antennas,INTERMEDIATE,INTERMEDIATE
GPS System Accessories,Batteries,INTERMEDIATE,INTERMEDIATE
GPS System Accessories,Chargers & Cables,INTERMEDIATE,TRUE_LEAF
GPS System Accessories,Traffic Message Channel (TMC) Receiver Modules,INTERMEDIATE,TRUE_LEAF
GPS System Accessories,Cases,INTERMEDIATE,INTERMEDIATE
Desktops,Towers,INTERMEDIATE,TRUE_LEAF
Desktops,Minis,INTERMEDIATE,TRUE_LEAF
Desktops,All-in-Ones,INTERMEDIATE,TRUE_LEAF
Surveillance Video Equipment,Surveillance DVR Kits,INTERMEDIATE,TRUE_LEAF
Surveillance Video Equipment,Video Multiplexers & Quads,INTERMEDIATE,TRUE_LEAF
Surveillance Video Equipment,Video Transmission Systems,INTERMEDIATE,TRUE_LEAF
Surveillance Video Equipment,Surveillance NVR Kits,INTERMEDIATE,TRUE_LEAF
Surveillance Video Equipment,Security Monitors & Displays,INTERMEDIATE,TRUE_LEAF
Surveillance Video Equipment,Surveillance Video Recorders,INTERMEDIATE,TRUE_LEAF
Vehicle Electronics Accessories,Radar Detectors,INTERMEDIATE,TRUE_LEAF
Vehicle Electronics Accessories,Installation Services,INTERMEDIATE,TRUE_LEAF
Vehicle Electronics Accessories,Car Dash Mounting Kits,INTERMEDIATE,TRUE_LEAF
Vehicle Electronics Accessories,Audio & Video Accessories,INTERMEDIATE,INTERMEDIATE
Vehicle Electronics Accessories,Vehicle Audio & Video Installation,INTERMEDIATE,INTERMEDIATE
Home Theater,Receivers & Amplifiers,INTERMEDIATE,INTERMEDIATE
Home Theater,Speakers,INTERMEDIATE,INTERMEDIATE
Home Theater,Phono Preamps,INTERMEDIATE,TRUE_LEAF
Home Theater,Equalizers,INTERMEDIATE,TRUE_LEAF
Receivers & Amplifiers,Receivers,INTERMEDIATE,TRUE_LEAF
Receivers & Amplifiers,Preamplifiers,INTERMEDIATE,TRUE_LEAF
Receivers & Amplifiers,Amplifiers,INTERMEDIATE,INTERMEDIATE
Monitor Accessories,Monitor Stands,INTERMEDIATE,TRUE_LEAF
Monitor Accessories,Anti-Glare & Privacy Filters,INTERMEDIATE,TRUE_LEAF
Monitor Accessories,Screen Protectors,INTERMEDIATE,INTERMEDIATE
Monitor Accessories,Monitor Arms,INTERMEDIATE,TRUE_LEAF
Monitor Accessories,Covers,INTERMEDIATE,TRUE_LEAF
Telescope & Microscope Accessories,Microscope Accessories,INTERMEDIATE,INTERMEDIATE
Telescope & Microscope Accessories,Telescope Accessories,INTERMEDIATE,INTERMEDIATE
Telescope Accessories,Guiders & Wedges,INTERMEDIATE,TRUE_LEAF
Telescope Accessories,Photo Adapters,INTERMEDIATE,TRUE_LEAF
Telescope Accessories,Finder Scopes,INTERMEDIATE,TRUE_LEAF
Telescope Accessories,Dew Caps,INTERMEDIATE,TRUE_LEAF
Telescope Accessories,Motor Drives,INTERMEDIATE,TRUE_LEAF
Telescope Accessories,Barlow Lenses,INTERMEDIATE,TRUE_LEAF
Telescope Accessories,Eyepieces,INTERMEDIATE,TRUE_LEAF
Telescope Accessories,Remote Controls,INTERMEDIATE,TRUE_LEAF
Telescope Accessories,Filters,INTERMEDIATE,TRUE_LEAF
Telescope Accessories,Diagonals,INTERMEDIATE,TRUE_LEAF
Professional Video Accessories,Microphones,INTERMEDIATE,TRUE_LEAF
Professional Video Accessories,Stabilizers,INTERMEDIATE,TRUE_LEAF
Professional Video Accessories,VTR Decks,INTERMEDIATE,TRUE_LEAF
Memory Cards,xD-Picture Cards,INTERMEDIATE,TRUE_LEAF
Memory Cards,SD Cards,INTERMEDIATE,TRUE_LEAF
Memory Cards,Micro SD Cards,INTERMEDIATE,TRUE_LEAF
Memory Cards,Memory Stick Cards,INTERMEDIATE,TRUE_LEAF
Memory Cards,CompactFlash Cards,INTERMEDIATE,TRUE_LEAF
Memory Cards,SmartMedia Cards,INTERMEDIATE,TRUE_LEAF
Network Adapters,Bluetooth Network Adapters,INTERMEDIATE,TRUE_LEAF
Network Adapters,USB Network Adapters,INTERMEDIATE,TRUE_LEAF
Network Adapters,Laptop Network Adapters,INTERMEDIATE,TRUE_LEAF
Network Adapters,Powerline Network Adapters,INTERMEDIATE,TRUE_LEAF
Tripod & Monopod Accessories,Camera Mounts & Clamps,INTERMEDIATE,TRUE_LEAF
Tripod & Monopod Accessories,Center Columns,INTERMEDIATE,TRUE_LEAF
Ethernet Cables,Cat 7 Cables,INTERMEDIATE,TRUE_LEAF
Ethernet Cables,Cat 6 Cables,INTERMEDIATE,TRUE_LEAF
Ethernet Cables,Cat 5 Cables,INTERMEDIATE,TRUE_LEAF
Ethernet Cables,Cat 5e Cables,INTERMEDIATE,TRUE_LEAF
Vehicle Audio & Video Installation,Amplifier Installation,INTERMEDIATE,INTERMEDIATE
Vehicle Audio & Video Installation,Connecting Blocks,INTERMEDIATE,TRUE_LEAF
Vehicle Audio & Video Installation,Radio Wiring Harnesses,INTERMEDIATE,TRUE_LEAF
Vehicle Audio & Video Installation,Speaker Installation,INTERMEDIATE,INTERMEDIATE
Distribution,Wall Plates & Connectors,INTERMEDIATE,TRUE_LEAF
Distribution,Selector Switch Boxes,INTERMEDIATE,TRUE_LEAF
Distribution,Distribution Panels,INTERMEDIATE,TRUE_LEAF
Speakers,Kick-Panel Enclosures,INTERMEDIATE,TRUE_LEAF
Speakers,Center-Channel Speakers,INTERMEDIATE,TRUE_LEAF
Speakers,Component Speakers,INTERMEDIATE,TRUE_LEAF
Speakers,Surround Sound Systems,INTERMEDIATE,TRUE_LEAF
Speakers,Outdoor Speakers,INTERMEDIATE,TRUE_LEAF
Speakers,Floorstanding Speakers,INTERMEDIATE,TRUE_LEAF
Speakers,Coaxial Speakers,INTERMEDIATE,TRUE_LEAF
Speakers,Satellite Speakers,INTERMEDIATE,TRUE_LEAF
Speakers,Subwoofers,INTERMEDIATE,INTERMEDIATE
Speakers,Ceiling & In-Wall Speakers,INTERMEDIATE,TRUE_LEAF
Speakers,Tweeters,INTERMEDIATE,TRUE_LEAF
Speakers,Sound Bars,INTERMEDIATE,TRUE_LEAF
Speakers,Bookshelf Speakers,INTERMEDIATE,TRUE_LEAF
Lighting,Strobe Lighting,INTERMEDIATE,INTERMEDIATE
Lighting,Power Packs,INTERMEDIATE,TRUE_LEAF
Lighting,On-Camera Video Lights,INTERMEDIATE,TRUE_LEAF
Lighting,Mounting Hardware,INTERMEDIATE,TRUE_LEAF
Lighting,Barn Doors,INTERMEDIATE,TRUE_LEAF
Lighting,Remote Triggers,INTERMEDIATE,TRUE_LEAF
Lighting,Continuous Output Lighting,INTERMEDIATE,TRUE_LEAF
Lighting,Flash Tubes,INTERMEDIATE,TRUE_LEAF
Lighting,Booms & Stands,INTERMEDIATE,TRUE_LEAF
Lighting,Lighting Controls & Modifiers,INTERMEDIATE,INTERMEDIATE
Antennas,Radio Antennas,INTERMEDIATE,TRUE_LEAF
Antennas,TV Antennas,INTERMEDIATE,TRUE_LEAF
Webcams & VoIP Equipment,Webcams,INTERMEDIATE,TRUE_LEAF
Webcams & VoIP Equipment,Stands,INTERMEDIATE,TRUE_LEAF
Webcams & VoIP Equipment,Mounts,INTERMEDIATE,INTERMEDIATE
Power Strips & Surge Protectors,Surge Protectors,INTERMEDIATE,TRUE_LEAF
Power Strips & Surge Protectors,Power Strips,INTERMEDIATE,TRUE_LEAF
Binoculars & Scopes,Monoculars,INTERMEDIATE,TRUE_LEAF
Binoculars & Scopes,Telescopes,INTERMEDIATE,INTERMEDIATE
Binoculars & Scopes,Microscopes,INTERMEDIATE,INTERMEDIATE
Binoculars & Scopes,Binoculars,INTERMEDIATE,TRUE_LEAF
Binoculars & Scopes,Opera Glasses,INTERMEDIATE,TRUE_LEAF
Microscopes,Stereo Microscopes,INTERMEDIATE,TRUE_LEAF
Microscopes,Compound Microscopes,INTERMEDIATE,INTERMEDIATE
Microscopes,USB Microscopes,INTERMEDIATE,TRUE_LEAF
Batteries & Chargers,Adapters,INTERMEDIATE,TRUE_LEAF
Batteries & Chargers,Batteries,INTERMEDIATE,INTERMEDIATE
Batteries & Chargers,Battery & Charger Sets,INTERMEDIATE,INTERMEDIATE
Batteries & Chargers,Battery Chargers,INTERMEDIATE,INTERMEDIATE
Batteries,Camcorder Batteries,INTERMEDIATE,TRUE_LEAF
Batteries,Camera Batteries,INTERMEDIATE,TRUE_LEAF
USB Gadgets,USB Lamps,INTERMEDIATE,TRUE_LEAF
USB Gadgets,USB Fans,INTERMEDIATE,TRUE_LEAF
USB Gadgets,USB Beverage Warmers,INTERMEDIATE,TRUE_LEAF
MP3 & MP4 Player Accessories,Cables,INTERMEDIATE,INTERMEDIATE
MP3 & MP4 Player Accessories,Batteries & Battery Packs,INTERMEDIATE,INTERMEDIATE
MP3 & MP4 Player Accessories,Screen Protectors,INTERMEDIATE,INTERMEDIATE
MP3 & MP4 Player Accessories,Chargers,INTERMEDIATE,TRUE_LEAF
MP3 & MP4 Player Accessories,Bluetooth & FM Transmitters,INTERMEDIATE,INTERMEDIATE
MP3 & MP4 Player Accessories,Armbands,INTERMEDIATE,TRUE_LEAF
MP3 & MP4 Player Accessories,Skins & Decals,INTERMEDIATE,INTERMEDIATE
MP3 & MP4 Player Accessories,Remote Controls,INTERMEDIATE,TRUE_LEAF
MP3 & MP4 Player Accessories,Cassette Player Adapters,INTERMEDIATE,TRUE_LEAF
MP3 & MP4 Player Accessories,Cases,INTERMEDIATE,INTERMEDIATE
Turntables & Accessories,Turntables,INTERMEDIATE,TRUE_LEAF
Digital Camera Accessories,Accessory Kits,INTERMEDIATE,TRUE_LEAF
Digital Camera Accessories,Screen Protector Foils,INTERMEDIATE,TRUE_LEAF
Digital Camera Accessories,Shutter Release Cords,INTERMEDIATE,TRUE_LEAF
Digital Camera Accessories,Battery Grips,INTERMEDIATE,TRUE_LEAF
Digital Camera Accessories,Docking Stations,INTERMEDIATE,TRUE_LEAF
Amplifier Installation,Heat-Shrink Tubing,INTERMEDIATE,TRUE_LEAF
Amplifier Installation,Cooling Fans,INTERMEDIATE,TRUE_LEAF
Amplifier Installation,Battery Wiring & Terminals,INTERMEDIATE,TRUE_LEAF
Amplifier Installation,Power-Distribution Kits,INTERMEDIATE,TRUE_LEAF
Amplifier Installation,Amplifier Wiring Kits,INTERMEDIATE,TRUE_LEAF
Amplifier Installation,Fuse Holders,INTERMEDIATE,TRUE_LEAF
Amplifier Installation,Interconnect Cables,INTERMEDIATE,TRUE_LEAF
Amplifier Installation,Capacitors,INTERMEDIATE,TRUE_LEAF
Amplifier Installation,Power-Distribution Components,INTERMEDIATE,TRUE_LEAF
Amplifier Installation,Noise Filters,INTERMEDIATE,TRUE_LEAF
Amplifier Installation,Power & Ground Cable,INTERMEDIATE,TRUE_LEAF
Amplifier Installation,Power-Cable Terminals,INTERMEDIATE,TRUE_LEAF
DVD Players & Recorders,DVD Recorders,INTERMEDIATE,TRUE_LEAF
DVD Players & Recorders,DVD Players,INTERMEDIATE,TRUE_LEAF
Filters & Accessories,Skylight & UV Filters,INTERMEDIATE,TRUE_LEAF
Filters & Accessories,Filter Accessories,INTERMEDIATE,INTERMEDIATE
Filters & Accessories,Graduated Color Filters,INTERMEDIATE,TRUE_LEAF
Filters & Accessories,Effects Filters,INTERMEDIATE,TRUE_LEAF
Filters & Accessories,Neutral Density Filters,INTERMEDIATE,TRUE_LEAF
Filters & Accessories,Color Correction & Compensation Filters,INTERMEDIATE,TRUE_LEAF
Filters & Accessories,Polarizing Filters,INTERMEDIATE,TRUE_LEAF
Filters & Accessories,Infrared Filters,INTERMEDIATE,TRUE_LEAF
Filters & Accessories,Filter Sets,INTERMEDIATE,TRUE_LEAF
External Components,Computer Cases,INTERMEDIATE,TRUE_LEAF
External Components,External Sound Cards,INTERMEDIATE,TRUE_LEAF
External Components,External TV Tuners,INTERMEDIATE,TRUE_LEAF
External Components,Optical Drives,INTERMEDIATE,INTERMEDIATE
External Components,KVM Switches,INTERMEDIATE,TRUE_LEAF
Optical Drives,Disc Duplicators,INTERMEDIATE,TRUE_LEAF
Optical Drives,CD & DVD Drives,INTERMEDIATE,TRUE_LEAF
Optical Drives,Blu-ray Drives,INTERMEDIATE,TRUE_LEAF
Memory Card Accessories,Memory Card Cases,INTERMEDIATE,TRUE_LEAF
Memory Card Accessories,Memory Card Readers,INTERMEDIATE,TRUE_LEAF
Memory Card Accessories,Memory Card Adapters,INTERMEDIATE,TRUE_LEAF
Video,Sports & Action Video Cameras,INTERMEDIATE,TRUE_LEAF
Video,Camcorder Bundles,INTERMEDIATE,TRUE_LEAF
Video,Quadcopters & Accessories,INTERMEDIATE,INTERMEDIATE
Video,Body Mounted Cameras,INTERMEDIATE,TRUE_LEAF
Video,Professional Video Cameras,INTERMEDIATE,TRUE_LEAF
Video,Camera Supports & Stabilizers,INTERMEDIATE,INTERMEDIATE
Video,Camcorders,INTERMEDIATE,INTERMEDIATE
eBook Readers & Accessories,Stands,INTERMEDIATE,TRUE_LEAF
eBook Readers & Accessories,Skins,INTERMEDIATE,TRUE_LEAF
eBook Readers & Accessories,Power Cables,INTERMEDIATE,TRUE_LEAF
eBook Readers & Accessories,eBook Readers,INTERMEDIATE,TRUE_LEAF
eBook Readers & Accessories,Bundles,INTERMEDIATE,TRUE_LEAF
eBook Readers & Accessories,Sleeves,INTERMEDIATE,TRUE_LEAF
eBook Readers & Accessories,Reading Lights,INTERMEDIATE,TRUE_LEAF
eBook Readers & Accessories,Screen Protectors,INTERMEDIATE,INTERMEDIATE
eBook Readers & Accessories,Power Adapters,INTERMEDIATE,TRUE_LEAF
eBook Readers & Accessories,Covers,INTERMEDIATE,TRUE_LEAF
Battery Chargers,Camera,INTERMEDIATE,TRUE_LEAF
Battery Chargers,Camcorder,INTERMEDIATE,TRUE_LEAF
Cleaning & Repair,Computer Vacuums,INTERMEDIATE,TRUE_LEAF
Cleaning & Repair,Compressed Air Dusters,INTERMEDIATE,TRUE_LEAF
Cleaning & Repair,Repair Kits,INTERMEDIATE,TRUE_LEAF
Cleaning & Repair,DLT Cleaning Cartridges,INTERMEDIATE,TRUE_LEAF
Amazon Devices & Accessories,Amazon Pro Portal,PURE_PARENT,TRUE_LEAF
Amazon Devices & Accessories,Amazon Device Accessories,PURE_PARENT,INTERMEDIATE
Amazon Devices & Accessories,Amazon Device Accessories under $20,PURE_PARENT,TRUE_LEAF
Amazon Devices & Accessories,Amazon Devices,PURE_PARENT,INTERMEDIATE
Film Photography,Film Cameras,INTERMEDIATE,INTERMEDIATE
Film Photography,Film,INTERMEDIATE,TRUE_LEAF
Film Cameras,Point & Shoot Film Cameras,INTERMEDIATE,TRUE_LEAF
Film Cameras,Specialty Film Cameras,INTERMEDIATE,TRUE_LEAF
Film Cameras,Rangefinder Cameras,INTERMEDIATE,TRUE_LEAF
Film Cameras,Medium & Large-Format Cameras,INTERMEDIATE,TRUE_LEAF
Film Cameras,Single-Use Cameras,INTERMEDIATE,TRUE_LEAF
Film Cameras,Instant Cameras,INTERMEDIATE,TRUE_LEAF
Film Cameras,SLR Cameras,INTERMEDIATE,TRUE_LEAF
Flash Accessories,Diffusers,INTERMEDIATE,TRUE_LEAF
Flash Accessories,Sync & PC Cords,INTERMEDIATE,TRUE_LEAF
Flash Accessories,Adapter Rings,INTERMEDIATE,TRUE_LEAF
Flash Accessories,Battery Packs,INTERMEDIATE,TRUE_LEAF
Flash Accessories,Shoe Mounts,INTERMEDIATE,TRUE_LEAF
Flash Accessories,Camera Brackets,INTERMEDIATE,TRUE_LEAF
Tablet Replacement Parts,Batteries,INTERMEDIATE,INTERMEDIATE
Tablet Replacement Parts,Flex Cables,INTERMEDIATE,TRUE_LEAF
Tablet Replacement Parts,Screens,INTERMEDIATE,TRUE_LEAF
Tablet Replacement Parts,LCD Displays,INTERMEDIATE,TRUE_LEAF
Tablet Replacement Parts,Digitizers,INTERMEDIATE,TRUE_LEAF
Speaker Parts & Components,Handles,INTERMEDIATE,TRUE_LEAF
Speaker Parts & Components,Grill Cloth,INTERMEDIATE,TRUE_LEAF
Speaker Parts & Components,Port Tubes,INTERMEDIATE,TRUE_LEAF
Speaker Parts & Components,Case Hardware & Latches,INTERMEDIATE,TRUE_LEAF
Speaker Parts & Components,Speaker Repair,INTERMEDIATE,TRUE_LEAF
Speaker Parts & Components,Carpet & Vinyl,INTERMEDIATE,TRUE_LEAF
Speaker Parts & Components,Subwoofer Kits,INTERMEDIATE,TRUE_LEAF
Speaker Parts & Components,Speaker Grills,INTERMEDIATE,TRUE_LEAF
Flashes,Macro & Ringlight Flashes,INTERMEDIATE,TRUE_LEAF
Flashes,Shoe Mount Flashes,INTERMEDIATE,TRUE_LEAF
Aviation Electronics,Headsets & Intercoms,INTERMEDIATE,TRUE_LEAF
Aviation Electronics,Aviation GPS,INTERMEDIATE,TRUE_LEAF
Aviation Electronics,Aircraft Accessories,INTERMEDIATE,TRUE_LEAF
Aviation Electronics,Aviation Handheld Radios,INTERMEDIATE,TRUE_LEAF
Video Studio,Teleprompters,PURE_PARENT,TRUE_LEAF
Video Studio,Video Monitors,PURE_PARENT,TRUE_LEAF
Projector Accessories,Lamps,INTERMEDIATE,TRUE_LEAF
Projector Accessories,Projector Bags & Cases,INTERMEDIATE,TRUE_LEAF
Projector Accessories,Projector,INTERMEDIATE,TRUE_LEAF
Projector Accessories,Bulbs,INTERMEDIATE,TRUE_LEAF
Projector Accessories,Projection Screens,INTERMEDIATE,TRUE_LEAF
Projector Accessories,Remote Controls,INTERMEDIATE,TRUE_LEAF
Projector Accessories,Lenses,INTERMEDIATE,INTERMEDIATE
Arm & Wristband Accessories,Cases with Band,INTERMEDIATE,TRUE_LEAF
Arm & Wristband Accessories,Cables,INTERMEDIATE,INTERMEDIATE
Arm & Wristband Accessories,Replacement Bands,INTERMEDIATE,TRUE_LEAF
Lighting Controls & Modifiers,Diffusers,INTERMEDIATE,TRUE_LEAF
Lighting Controls & Modifiers,Umbrellas,INTERMEDIATE,TRUE_LEAF
Lighting Controls & Modifiers,Soft Boxes,INTERMEDIATE,TRUE_LEAF
Lighting Controls & Modifiers,Filters,INTERMEDIATE,TRUE_LEAF
Lighting Controls & Modifiers,Reflectors,INTERMEDIATE,TRUE_LEAF
Office Electronics Accessories,Other Accessories,INTERMEDIATE,TRUE_LEAF
Office Electronics Accessories,Presentation Supplies,INTERMEDIATE,INTERMEDIATE
Office Electronics Accessories,Labeling Tapes,INTERMEDIATE,TRUE_LEAF
Office Electronics Accessories,Calculator Accessories,INTERMEDIATE,TRUE_LEAF
Amplifiers,Mono Amplifiers,INTERMEDIATE,TRUE_LEAF
Amplifiers,Multichannel Amplifiers,INTERMEDIATE,TRUE_LEAF
Amplifiers,Dual-Channel Amplifiers,INTERMEDIATE,TRUE_LEAF
I/O Port Cards,Parallel Port Cards,INTERMEDIATE,TRUE_LEAF
I/O Port Cards,FireWire Port Cards,INTERMEDIATE,TRUE_LEAF
I/O Port Cards,SCSI Port Cards,INTERMEDIATE,TRUE_LEAF
I/O Port Cards,RAID Controllers,INTERMEDIATE,TRUE_LEAF
I/O Port Cards,Serial Port Cards,INTERMEDIATE,TRUE_LEAF
I/O Port Cards,USB Port Cards,INTERMEDIATE,TRUE_LEAF
Car Safety & Security,Vehicle Backup Cameras,INTERMEDIATE,TRUE_LEAF
Network Attached Storage,Devices,INTERMEDIATE,TRUE_LEAF
Network Attached Storage,Enclosures,INTERMEDIATE,TRUE_LEAF
Cleaning Equipment,Brushes,INTERMEDIATE,TRUE_LEAF
Cleaning Equipment,Cloths,INTERMEDIATE,TRUE_LEAF
Cleaning Equipment,Liquid Cleaners,INTERMEDIATE,TRUE_LEAF
Cleaning Equipment,Compressed Air,INTERMEDIATE,TRUE_LEAF
Cleaning Equipment,Cleaning Kits,INTERMEDIATE,TRUE_LEAF
Cooling Pads & External Fans,External Cooling Fans,INTERMEDIATE,TRUE_LEAF
Cooling Pads & External Fans,Cooling Pads,INTERMEDIATE,TRUE_LEAF
Compact Radios & Stereos,Clock Radios,INTERMEDIATE,TRUE_LEAF
Compact Radios & Stereos,Shower Radios,INTERMEDIATE,TRUE_LEAF
Compact Radios & Stereos,Stereo Shelf Systems,INTERMEDIATE,TRUE_LEAF
Compact Radios & Stereos,Internet Radios,INTERMEDIATE,TRUE_LEAF
Marine Electronics,Marine Antennas,INTERMEDIATE,TRUE_LEAF
Marine Electronics,Marine Subwoofers,INTERMEDIATE,TRUE_LEAF
Marine Electronics,Marine Amplifiers,INTERMEDIATE,TRUE_LEAF
Marine Electronics,Marine Two-Way Radios,INTERMEDIATE,TRUE_LEAF
Marine Electronics,Marine GPS Accessories,INTERMEDIATE,TRUE_LEAF
Marine Electronics,Marine GPS Chartplotters,INTERMEDIATE,TRUE_LEAF
Marine Electronics,Fish Finders & Depth Finders,INTERMEDIATE,TRUE_LEAF
Marine Electronics,Marine Speakers,INTERMEDIATE,TRUE_LEAF
Marine Electronics,Marine Stereos,INTERMEDIATE,TRUE_LEAF
Marine Electronics,Marine Autopilots,INTERMEDIATE,TRUE_LEAF
Marine Electronics,Radar Systems,INTERMEDIATE,TRUE_LEAF
Quadcopters & Accessories,Quadcopter Camera Mounts,INTERMEDIATE,TRUE_LEAF
Lenses,Camcorder Lenses,INTERMEDIATE,TRUE_LEAF
Lenses,Camera & Camcorder Lens Bundles,INTERMEDIATE,TRUE_LEAF
Lenses,Camera Lenses,INTERMEDIATE,INTERMEDIATE
Camera Lenses,Mirrorless Camera Lenses,INTERMEDIATE,TRUE_LEAF
Camera Lenses,SLR Camera Lenses,INTERMEDIATE,TRUE_LEAF
Battery & Charger Sets,Camera Battery & Charger Sets,INTERMEDIATE,TRUE_LEAF
Battery & Charger Sets,Camcorder Battery & Charger Sets,INTERMEDIATE,TRUE_LEAF
Batteries & Battery Packs,Batteries,INTERMEDIATE,INTERMEDIATE
Electronics Gift Guide - Top Tech for Gifting,Otter Products Holiday Electronics Store,INTERMEDIATE,PURE_PARENT
Otter Products Holiday Electronics Store,LifeProof Brand Store,PURE_PARENT,TRUE_LEAF
Otter Products Holiday Electronics Store,OtterBox Brand Store,PURE_PARENT,TRUE_LEAF
Blu-ray Players & Recorders,Blu-ray Players,INTERMEDIATE,TRUE_LEAF
Internal Optical Drives,Internal Blu-ray Drives,INTERMEDIATE,TRUE_LEAF
Internal Optical Drives,Internal CD & DVD Drives,INTERMEDIATE,TRUE_LEAF
Telescopes,Refractors,INTERMEDIATE,TRUE_LEAF
Telescopes,Catadioptric,INTERMEDIATE,TRUE_LEAF
Telescopes,Reflectors,INTERMEDIATE,TRUE_LEAF
Home Audio Crossovers & Parts,Crossover Parts,INTERMEDIATE,TRUE_LEAF
Strobe Lighting,Slaves,INTERMEDIATE,TRUE_LEAF
Strobe Lighting,Monolights,INTERMEDIATE,TRUE_LEAF
Camera Supports & Stabilizers,Camera Sliders,INTERMEDIATE,TRUE_LEAF
Camera Supports & Stabilizers,Camera Shoulder Supports,INTERMEDIATE,TRUE_LEAF
Camera Supports & Stabilizers,Camera Cine Dollies,INTERMEDIATE,TRUE_LEAF
Camera Supports & Stabilizers,Camera Cranes,INTERMEDIATE,TRUE_LEAF
Camera Supports & Stabilizers,Camera Chest Supports,INTERMEDIATE,TRUE_LEAF
Wireless & Streaming Audio,Wireless Multiroom Systems,INTERMEDIATE,TRUE_LEAF
Wireless & Streaming Audio,Wireless Audio Receivers & Adapters,INTERMEDIATE,TRUE_LEAF
ASUS PC,Monitors,PURE_PARENT,INTERMEDIATE
Monitors,16-20 Inches,INTERMEDIATE,TRUE_LEAF
Monitors,2014,INTERMEDIATE,TRUE_LEAF
Monitors,20-25.9 Inches,INTERMEDIATE,TRUE_LEAF
New Arrivals - Electronics,Computers,INTERMEDIATE,TRUE_LEAF
New Arrivals - Electronics,Audio and Accessories,INTERMEDIATE,TRUE_LEAF
New Arrivals - Electronics,Camera,INTERMEDIATE,TRUE_LEAF
New Arrivals - Electronics,Video Games,INTERMEDIATE,TRUE_LEAF
New Arrivals - Electronics,Home Entertainment,INTERMEDIATE,TRUE_LEAF
Underwater Photography,Camcorders,INTERMEDIATE,INTERMEDIATE
Underwater Photography,Housings,INTERMEDIATE,TRUE_LEAF
Underwater Photography,Underwater Lighting,INTERMEDIATE,INTERMEDIATE
Underwater Photography,Cameras,INTERMEDIATE,TRUE_LEAF
Bluetooth & FM Transmitters,Bluetooth Transmitters,INTERMEDIATE,TRUE_LEAF
Bluetooth & FM Transmitters,FM Transmitters,INTERMEDIATE,TRUE_LEAF
Media Storage,Media Storage Sleeves,INTERMEDIATE,TRUE_LEAF
Camcorder Accessories,Screen Protector Foils,INTERMEDIATE,TRUE_LEAF
Thermal Paste & Pads,Thermal Pads,INTERMEDIATE,TRUE_LEAF
Thermal Paste & Pads,Silicon Grease,INTERMEDIATE,TRUE_LEAF
Speaker Accessories,Stands,INTERMEDIATE,TRUE_LEAF
Speaker Accessories,Spikes,INTERMEDIATE,TRUE_LEAF
Blank Video Media,MiniDV,INTERMEDIATE,TRUE_LEAF
Blank Video Media,Hi-8,INTERMEDIATE,TRUE_LEAF
Blank Video Media,VHS-C,INTERMEDIATE,TRUE_LEAF
Blank Video Media,VHS,INTERMEDIATE,TRUE_LEAF
Underwater Lighting,Strobes & Flashes,INTERMEDIATE,TRUE_LEAF
Underwater Lighting,Continuous Lights,INTERMEDIATE,TRUE_LEAF
Underwater Lighting,Parts & Accessories,INTERMEDIATE,TRUE_LEAF
Speaker Installation,Speaker Wiring Harnesses,INTERMEDIATE,TRUE_LEAF
Speaker Installation,Speaker Wire Connectors,INTERMEDIATE,TRUE_LEAF
Speaker Installation,Bass Blockers,INTERMEDIATE,TRUE_LEAF
Speaker Installation,Speaker Wire,INTERMEDIATE,TRUE_LEAF
Speaker Installation,Carpet,INTERMEDIATE,TRUE_LEAF
Speaker Installation,Speaker Boxes,INTERMEDIATE,TRUE_LEAF
AmazonBasics Accessories,Phone & Tablet Accessories,PURE_PARENT,PURE_PARENT
Phone & Tablet Accessories,Data Cables & Chargers,PURE_PARENT,INTERMEDIATE
Phone & Tablet Accessories,Android Accessories,PURE_PARENT,PURE_PARENT
Phone & Tablet Accessories,Apple Accessories,PURE_PARENT,PURE_PARENT
Phone & Tablet Accessories,Screen Protectors,PURE_PARENT,INTERMEDIATE
Apple Accessories,Bluetooth Speakers,PURE_PARENT,TRUE_LEAF
Printers & Scanners,Portable Photo Printers,INTERMEDIATE,TRUE_LEAF
Amazon Device Accessories,Power Supplies & Chargers,INTERMEDIATE,TRUE_LEAF
Amazon Device Accessories,Adapters & Connectors,INTERMEDIATE,TRUE_LEAF
Amazon Device Accessories,Bases & Stands,INTERMEDIATE,TRUE_LEAF
Amazon Device Accessories,Covers,INTERMEDIATE,TRUE_LEAF
Amazon Device Accessories,Sleeves,INTERMEDIATE,TRUE_LEAF
Amazon Device Accessories,Screen Protectors,INTERMEDIATE,INTERMEDIATE
Amazon Device Accessories,Home Security Decals & Signs,INTERMEDIATE,TRUE_LEAF
Amazon Device Accessories,Memory Cards,INTERMEDIATE,INTERMEDIATE
Amazon Device Accessories,Protection Plans,INTERMEDIATE,TRUE_LEAF
Amazon Device Accessories,Mounts,INTERMEDIATE,INTERMEDIATE
Amazon Device Accessories,Remote Controls,INTERMEDIATE,TRUE_LEAF
Amazon Device Accessories,Styluses,INTERMEDIATE,TRUE_LEAF
Light Meters & Accessories,Light Meters,INTERMEDIATE,TRUE_LEAF
Light Meters & Accessories,Grey Cards,INTERMEDIATE,TRUE_LEAF
Light Meters & Accessories,Color Calibration Charts,INTERMEDIATE,TRUE_LEAF
Filter Accessories,Step-Up Rings,INTERMEDIATE,TRUE_LEAF
Filter Accessories,Step-Down Rings,INTERMEDIATE,TRUE_LEAF
Filter Accessories,Filter Cases,INTERMEDIATE,TRUE_LEAF
Satellite Television,Systems,INTERMEDIATE,TRUE_LEAF
Satellite Television,Receivers,INTERMEDIATE,TRUE_LEAF
Satellite Television,Satellite Dishes,INTERMEDIATE,TRUE_LEAF
Stereo System Components,CD & Tape Players,INTERMEDIATE,INTERMEDIATE
Stereo System Components,Tuners,INTERMEDIATE,TRUE_LEAF
CD & Tape Players,Tape Decks,INTERMEDIATE,TRUE_LEAF
CD & Tape Players,CD Players,INTERMEDIATE,TRUE_LEAF
CD & Tape Players,CD Recorders,INTERMEDIATE,TRUE_LEAF
Android Accessories,Tablet Stands,PURE_PARENT,TRUE_LEAF
Android Accessories,Screen Protectors,PURE_PARENT,INTERMEDIATE
Android Accessories,Stylus Pens,PURE_PARENT,TRUE_LEAF
Android Accessories,Headphones,PURE_PARENT,TRUE_LEAF
Android Accessories,Data Cables & Chargers,PURE_PARENT,INTERMEDIATE
SteelSeriesBD,Up to 47% off SteelSeries Prime Gaming Mouse,PURE_PARENT,TRUE_LEAF
Gaming Accessories,Accessories & Peripherals,PURE_PARENT,PURE_PARENT
Accessories & Peripherals,Gaming Mice,PURE_PARENT,INTERMEDIATE
Accessories & Peripherals,Gamepads and Controllers,PURE_PARENT,PURE_PARENT
Accessories & Peripherals,Gaming Keyboards,PURE_PARENT,INTERMEDIATE
Accessories & Peripherals,Computer Headsets and Mics,PURE_PARENT,PURE_PARENT
Darkroom Supplies,Light Boxes & Loupes,INTERMEDIATE,PURE_PARENT
Darkroom Supplies,Safelights,INTERMEDIATE,TRUE_LEAF
Darkroom Supplies,Photo Enlarging Paper,INTERMEDIATE,TRUE_LEAF
Darkroom Supplies,Chemicals,INTERMEDIATE,TRUE_LEAF
Darkroom Supplies,Film Processing Equipment,INTERMEDIATE,TRUE_LEAF
Light Boxes & Loupes,Loupes,PURE_PARENT,TRUE_LEAF
PC Gaming,Gaming Computers,INTERMEDIATE,PURE_PARENT
Gaming Computers,Gaming Monitors,PURE_PARENT,TRUE_LEAF
Gaming Computers,Gaming Desktops,PURE_PARENT,TRUE_LEAF
Compound Microscopes,Compound Binocular Microscopes,INTERMEDIATE,TRUE_LEAF
Compound Microscopes,Compound Trinocular Microscopes,INTERMEDIATE,TRUE_LEAF
Compound Microscopes,Compound Monocular Microscopes,INTERMEDIATE,TRUE_LEAF
Tech Accessories for Dads & Grads,Gifts for Grads,PURE_PARENT,INTERMEDIATE
Tech Accessories for Dads & Grads,Gifts for Dads,PURE_PARENT,INTERMEDIATE
Gifts for Dads,Travel Essentials,INTERMEDIATE,TRUE_LEAF
Gifts for Dads,Bluetooth Headsets,INTERMEDIATE,TRUE_LEAF
Gifts for Dads,Headphones,INTERMEDIATE,TRUE_LEAF
Gifts for Dads,Tablet & Computer Accessories,INTERMEDIATE,TRUE_LEAF
Security & Surveillance Product Finder,Digital Video Recorders,PURE_PARENT,PURE_PARENT
Security & Surveillance Product Finder,Network Cameras,PURE_PARENT,PURE_PARENT
Security & Surveillance Product Finder,Surveillance Camera Kits,PURE_PARENT,PURE_PARENT
Surveillance Camera Kits,8-Camera Kits,PURE_PARENT,TRUE_LEAF
Surveillance Camera Kits,4-Camera Kits,PURE_PARENT,TRUE_LEAF
PC Gaming & Accessories,PC Gaming Accessories,PURE_PARENT,PURE_PARENT
PC Gaming & Accessories,PC Games,PURE_PARENT,TRUE_LEAF
PC Gaming Accessories,Headsets,PURE_PARENT,TRUE_LEAF
Canon,Accessories,PURE_PARENT,INTERMEDIATE
Canon,All Canon,PURE_PARENT,TRUE_LEAF
Canon,Multifunction Devices,PURE_PARENT,TRUE_LEAF
Canon,Printers,PURE_PARENT,TRUE_LEAF
Warranties & Services,Computer Equipment Warranties,INTERMEDIATE,TRUE_LEAF
Warranties & Services,Service Plans,INTERMEDIATE,INTERMEDIATE
CD & DVD Racks,CD Racks,INTERMEDIATE,TRUE_LEAF
iPad Accessory Starter Kit,Cases,PURE_PARENT,INTERMEDIATE
iPad Accessory Starter Kit,Styluses,PURE_PARENT,TRUE_LEAF
iPad Accessory Starter Kit,Screen Protectors,PURE_PARENT,INTERMEDIATE
Screen Protectors,Tab 2 10.1,INTERMEDIATE,TRUE_LEAF
Screen Protectors,iPad,INTERMEDIATE,TRUE_LEAF
Screen Protectors,Samsung Tab 2 7.0,INTERMEDIATE,TRUE_LEAF
Screen Protectors,Samsung Note 8.0,INTERMEDIATE,TRUE_LEAF
2 in 1 PCs,Detachables,PURE_PARENT,TRUE_LEAF
2 in 1 PCs,Convertibles,PURE_PARENT,TRUE_LEAF
Amazon Devices,Device Bundles,INTERMEDIATE,PURE_PARENT
Amazon Devices,Smart Home Security & Lighting,INTERMEDIATE,INTERMEDIATE
Device Bundles,Echo Smart Speaker & Display Bundles,PURE_PARENT,TRUE_LEAF
Portable Electronics for Mother's Day,Sports & Vehicle GPS,PURE_PARENT,PURE_PARENT
Portable Electronics for Mother's Day,MP3 Players & Accessories,PURE_PARENT,PURE_PARENT
MP3 Players & Accessories,MP3 Player Accessories,PURE_PARENT,PURE_PARENT
MP3 Player Accessories,Headphones,PURE_PARENT,TRUE_LEAF
MP3 Player Accessories,Cases,PURE_PARENT,INTERMEDIATE
Smart Home Security & Lighting,Doorbells & Chimes,INTERMEDIATE,TRUE_LEAF
Smart Home Security & Lighting,Smart Plugs,INTERMEDIATE,TRUE_LEAF
Smart Home Security & Lighting,Sensors,INTERMEDIATE,TRUE_LEAF
Smart Home Security & Lighting,Alarm Systems,INTERMEDIATE,TRUE_LEAF
Bose Store,Accessories,PURE_PARENT,INTERMEDIATE
Microscope Accessories,Adapters,INTERMEDIATE,TRUE_LEAF
Microscope Accessories,Lenses,INTERMEDIATE,INTERMEDIATE
Gifts for Grads,Headphones,INTERMEDIATE,TRUE_LEAF
Celestron,Microscopes,PURE_PARENT,INTERMEDIATE
Celestron,Telescope Accessories,PURE_PARENT,INTERMEDIATE
Network Cameras,Wireless,PURE_PARENT,TRUE_LEAF
Network Cameras,Power-Over-Ethernet,PURE_PARENT,TRUE_LEAF
Samsung,Tablets,PURE_PARENT,TRUE_LEAF
Samsung,Monitors,PURE_PARENT,INTERMEDIATE
Summer Colors for Tech Accessories,iPhone Cases,PURE_PARENT,TRUE_LEAF
Service Plans,Computers,INTERMEDIATE,TRUE_LEAF
Service Plans,Electronics,INTERMEDIATE,INTERMEDIATE
HP,HP PC Accessories,PURE_PARENT,PURE_PARENT
HP,HP Projectors,PURE_PARENT,TRUE_LEAF
HP,HP Inkjet Printers,PURE_PARENT,PURE_PARENT
HP,HP LaserJet Printers,PURE_PARENT,PURE_PARENT
HP,HP Desktops,PURE_PARENT,TRUE_LEAF
HP,HP Scanners,PURE_PARENT,TRUE_LEAF
HP,HP Laptops,PURE_PARENT,TRUE_LEAF
"Tablet Keyboards, Stands, & Styluses",Stands,PURE_PARENT,TRUE_LEAF
"Tablet Keyboards, Stands, & Styluses",Keyboards,PURE_PARENT,INTERMEDIATE
"Tablet Keyboards, Stands, & Styluses",Styluses,PURE_PARENT,TRUE_LEAF
Keyboards,iPad,INTERMEDIATE,TRUE_LEAF
Keyboards,iPad mini,INTERMEDIATE,TRUE_LEAF
Gaming Mice,Razer,INTERMEDIATE,TRUE_LEAF
Gaming Mice,Corsair,INTERMEDIATE,TRUE_LEAF
Gamepads and Controllers,Mad Catz,PURE_PARENT,TRUE_LEAF
Gamepads and Controllers,Logitech,PURE_PARENT,TRUE_LEAF
Gamepads and Controllers,Razer,PURE_PARENT,TRUE_LEAF
Protective Tablet Accessories,Cases,PURE_PARENT,INTERMEDIATE
Protective Tablet Accessories,Screen Protectors,PURE_PARENT,INTERMEDIATE
Cases,iPad,INTERMEDIATE,TRUE_LEAF
Cases,Samsung Note 10.1,INTERMEDIATE,TRUE_LEAF
Cases,iPad mini,INTERMEDIATE,TRUE_LEAF
Computers & Accessories Overstock Event,PC Components,INTERMEDIATE,TRUE_LEAF
Computers & Accessories Overstock Event,Computer & Tablet Accessories,INTERMEDIATE,TRUE_LEAF
Dell Accessories,Dell Tablet Accessories,PURE_PARENT,TRUE_LEAF
Fall Outlet Event in Computers & Accessories,Desktops,PURE_PARENT,INTERMEDIATE
Western Digital,External Hard Drives,PURE_PARENT,INTERMEDIATE
External Hard Drives,Desktop,INTERMEDIATE,PURE_PARENT
Desktop,USB 3.0/2.0,PURE_PARENT,TRUE_LEAF
Desktop,FireWire,PURE_PARENT,TRUE_LEAF
Desktop,USB 2.0,PURE_PARENT,TRUE_LEAF
Entertainment Networking,Network Media Players & Storage,PURE_PARENT,TRUE_LEAF
Entertainment Networking,TV on the Go,PURE_PARENT,TRUE_LEAF
Back to School Tech Accessories,MP3 Player Accessories,PURE_PARENT,PURE_PARENT
Back to School Tech Accessories,Bluetooth Speakers,PURE_PARENT,TRUE_LEAF
Computer Headsets and Mics,Razer,PURE_PARENT,TRUE_LEAF
Computer Headsets and Mics,SteelSeries,PURE_PARENT,TRUE_LEAF
Camera Accessories,Electronic Flashes,PURE_PARENT,TRUE_LEAF
Camera Accessories,Other Accessories,PURE_PARENT,TRUE_LEAF
Camera Accessories,Cables,PURE_PARENT,INTERMEDIATE
Camera Accessories,Lenses & Filters,PURE_PARENT,INTERMEDIATE
Camera Accessories,Batteries & Chargers,PURE_PARENT,INTERMEDIATE
Kodak,Accessories,PURE_PARENT,INTERMEDIATE
Kodak,All,PURE_PARENT,TRUE_LEAF
Olympus,All Camera & Photo,PURE_PARENT,TRUE_LEAF
Olympus,Accessories,PURE_PARENT,INTERMEDIATE
Presentation Supplies,Binding Machine Supplies,INTERMEDIATE,TRUE_LEAF
iPad Air 2 & iPad mini 3 Accessories,Cases & Covers,PURE_PARENT,TRUE_LEAF
iPad Air 2 & iPad mini 3 Accessories,Styluses,PURE_PARENT,TRUE_LEAF
Gift Ideas,Portable Audio & Accessories Holiday Deals,PURE_PARENT,TRUE_LEAF
Gift Ideas,GPS & Navigation Holiday Deals,PURE_PARENT,TRUE_LEAF
Lenses & Filters,Filters,INTERMEDIATE,TRUE_LEAF
Sony,All Sony Camera & Photo,PURE_PARENT,TRUE_LEAF
JVC,Camcorder Accessories,PURE_PARENT,INTERMEDIATE
JVC,Camcorders,PURE_PARENT,INTERMEDIATE
Camcorders,Digital Camcorders,INTERMEDIATE,PURE_PARENT
Digital Camcorders,Microdrive,PURE_PARENT,TRUE_LEAF
Digital Camcorders,MiniDV,PURE_PARENT,TRUE_LEAF
Bluetooth,Cell Phone Headsets,PURE_PARENT,TRUE_LEAF
Bluetooth,Connectivity,PURE_PARENT,TRUE_LEAF
iPad Accessories,Styluses,PURE_PARENT,TRUE_LEAF
Intel Components,Processors,PURE_PARENT,TRUE_LEAF
HP Inkjet Printers,HP Single-Function Inkjet Printers,PURE_PARENT,TRUE_LEAF
Nikon,Accessories,PURE_PARENT,INTERMEDIATE
Nikon,All,PURE_PARENT,TRUE_LEAF
Gaming Keyboards,Razer,INTERMEDIATE,TRUE_LEAF
Gaming Keyboards,Corsair,INTERMEDIATE,TRUE_LEAF
Contour,Cameras,PURE_PARENT,TRUE_LEAF
Contour,Accessories and Mounts,PURE_PARENT,PURE_PARENT
Accessories and Mounts,Hunting and Fishing,PURE_PARENT,TRUE_LEAF
Accessories and Mounts,Biking,PURE_PARENT,TRUE_LEAF
HP PC Accessories,HP Laptop Bags/Cases,PURE_PARENT,TRUE_LEAF
HP PC Accessories,HP Laptop Sleeves,PURE_PARENT,TRUE_LEAF
Flip Video,Flip Video Accessories,PURE_PARENT,PURE_PARENT
Flip Video Accessories,Designed for Flip,PURE_PARENT,TRUE_LEAF
HP LaserJet Printers,HP Monochrome LaserJets,PURE_PARENT,TRUE_LEAF
Toshiba,Toshiba Laptops,INTERMEDIATE,TRUE_LEAF
Toshiba,Toshiba Netbook Accessories,INTERMEDIATE,TRUE_LEAF
Pyle Electronics Father's Day Deals,Musical Instruments,PURE_PARENT,TRUE_LEAF
Samsung Tablet Accessory Starter Kit,Screen Protectors,PURE_PARENT,INTERMEDIATE
Sony PC,Ultrabooks,PURE_PARENT,PURE_PARENT
Ultrabooks,Duo Series 2-in-1s Ultrabooks,PURE_PARENT,TRUE_LEAF
Ultrabooks,Pro Series Ultrabooks,PURE_PARENT,TRUE_LEAF
Sports & Vehicle GPS,Sports GPS,PURE_PARENT,TRUE_LEAF
Sports & Vehicle GPS,Vehicle GPS,PURE_PARENT,INTERMEDIATE
Meet Windows 8,Featured Windows 8 PCs,PURE_PARENT,TRUE_LEAF
Digital Video Recorders,8-Channel,PURE_PARENT,TRUE_LEAF
Data Cables & Chargers,Apple,INTERMEDIATE,TRUE_LEAF
Vehicle GPS,RV GPS,INTERMEDIATE,TRUE_LEAF
Pentax,Accessories,PURE_PARENT,INTERMEDIATE
iPad mini Accessories,Cases,PURE_PARENT,INTERMEDIATE
PC Products,Monitors,PURE_PARENT,INTERMEDIATE
Vivitar,Accessories,PURE_PARENT,INTERMEDIATE
