category,type,product_count,num_children
Earbud Headphones,true_leaf,10015,0
USB Cables,true_leaf,6796,0
Remote Controls,true_leaf,5305,0
Traditional Laptops,true_leaf,4862,0
Chargers & Adapters,true_leaf,4229,0
Portable Bluetooth Speakers,true_leaf,3865,0
Camera Cases,true_leaf,3730,0
Stands,true_leaf,3488,0
Over-Ear Headphones,true_leaf,3212,0
Connectors & Adapters,true_leaf,2993,0
Lightning Cables,true_leaf,2870,0
HDMI Cables,true_leaf,2843,0
USB Flash Drives,true_leaf,2818,0
Sleeves,true_leaf,2812,0
Camera Batteries,true_leaf,2501,0
Adapters,true_leaf,2460,0
Mice,true_leaf,2458,0
Camera Mounts & Clamps,true_leaf,2387,0
Memory,true_leaf,2376,0
LED & LCD TVs,true_leaf,2339,0
Electronics Warranties,true_leaf,2283,0
AC Adapters,true_leaf,2276,0
Earpads,true_leaf,2249,0
Tablets,true_leaf,2243,0
Power Strips,true_leaf,2239,0
Backpacks,true_leaf,2190,0
TV Wall & Ceiling Mounts,true_leaf,2113,0
Graphics Cards,true_leaf,2037,0
Point & Shoot Digital Cameras,true_leaf,1997,0
Keyboard Cases,true_leaf,1812,0
TV Antennas,true_leaf,1759,0
Case Fans,true_leaf,1730,0
Video Projectors,true_leaf,1707,0
Complete Tripods,true_leaf,1667,0
Smartwatches,true_leaf,1661,0
Dome Cameras,true_leaf,1623,0
Stereo Jack Cables,true_leaf,1598,0
Single Board Computers,true_leaf,1587,0
Towers,true_leaf,1552,0
Backgrounds,true_leaf,1550,0
MP3 & MP4 Players,true_leaf,1547,0
Messenger & Shoulder Bags,true_leaf,1529,0
Motherboards,true_leaf,1504,0
Computer Cases,true_leaf,1496,0
On-Dash Cameras,true_leaf,1494,0
Webcams,true_leaf,1439,0
Routers,true_leaf,1438,0
Enclosures,true_leaf,1424,0
RCA,true_leaf,1391,0
Bullet Cameras,true_leaf,1373,0
Power Cords,true_leaf,1337,0
Hubs,true_leaf,1333,0
SLR Camera Lenses,true_leaf,1328,0
Memory Card Readers,true_leaf,1318,0
Camera,true_leaf,1287,0
Monitor Stands,true_leaf,1270,0
Internal Power Supplies,true_leaf,1262,0
Screen Protector Foils,true_leaf,1251,0
Covers,true_leaf,1233,0
Coaxial Speakers,true_leaf,1226,0
Power Converters,true_leaf,1224,0
On-Ear Headphones,true_leaf,1224,0
USB Network Adapters,true_leaf,1217,0
DVI-HDMI Adapters,true_leaf,1205,0
Home Security Systems,true_leaf,1198,0
Car Stereo Receivers,true_leaf,1187,0
Docking Stations,true_leaf,1167,0
Keyboard Skins,true_leaf,1166,0
Hard Shell Cases,true_leaf,1144,0
Micro SD Cards,true_leaf,1135,0
Binoculars,true_leaf,1122,0
Cable Ties,true_leaf,1106,0
USB Hubs,true_leaf,1098,0
Vehicle Backup Cameras,true_leaf,1080,0
Vehicle Mounts,true_leaf,1048,0
Video Converters,true_leaf,1034,0
Computer Speakers,true_leaf,1018,0
Keyboard & Mouse Combos,true_leaf,1011,0
Selector Switch Boxes,true_leaf,1003,0
Stabilizers,true_leaf,977,0
Speaker Mounts,true_leaf,947,0
Sound Bars,true_leaf,935,0
Cat 6 Cables,true_leaf,933,0
Laptop Replacement Parts,true_leaf,918,0
Accessory Kits,true_leaf,909,0
Surveillance DVR Kits,true_leaf,875,0
Surge Protectors,true_leaf,875,0
CPU Cooling Fans,true_leaf,873,0
"Binocular, Camera & Camcorder Straps",true_leaf,856,0
Surveillance Housing & Mounting Brackets,true_leaf,825,0
Radio Antennas,true_leaf,819,0
Streaming Media Players,true_leaf,814,0
In-Dash Navigation,true_leaf,807,0
SATA Cables,true_leaf,780,0
Cable Straps,true_leaf,778,0
Surveillance Camera Cables,true_leaf,774,0
Lens Hoods,true_leaf,774,0
Labeling Tapes,true_leaf,771,0
USB-to-USB Adapters,true_leaf,767,0
Turntables,true_leaf,767,0
Two-Way Radios,true_leaf,762,0
USB Fans,true_leaf,760,0
Receivers,true_leaf,753,0
Computer Headsets,true_leaf,750,0
Switches,true_leaf,747,0
SD Cards,true_leaf,739,0
Water Cooling Systems,true_leaf,718,0
Component Subwoofers,true_leaf,704,0
On-Camera Video Lights,true_leaf,702,0
Minis,true_leaf,700,0
Clock Radios,true_leaf,675,0
Handheld GPS Units,true_leaf,642,0
DSLR Cameras,true_leaf,641,0
Shoe Mount Flashes,true_leaf,634,0
Digital Picture Frames,true_leaf,634,0
Sports & Action Video Cameras,true_leaf,632,0
Hard Drive Bags & Cases,true_leaf,629,0
Lens Caps,true_leaf,628,0
Monitor Arms,true_leaf,628,0
"Clips, Arm & Wristbands",true_leaf,613,0
Digital Voice Recorders,true_leaf,611,0
Projection Screens,true_leaf,597,0
Repeaters,true_leaf,593,0
CD & DVD Drives,true_leaf,593,0
Soft Boxes,true_leaf,591,0
CPU Processors,true_leaf,589,0
Filter Sets,true_leaf,589,0
Headsets & Microphones,true_leaf,585,0
Wall Plates & Connectors,true_leaf,581,0
KVM Switches,true_leaf,576,0
Graphics Tablets,true_leaf,573,0
2 in 1 Laptops,true_leaf,566,0
Adapters & Converters,true_leaf,564,0
Speaker,true_leaf,559,0
Replacement Screens,true_leaf,558,0
Audio Docks,true_leaf,558,0
Headsets,true_leaf,556,0
Network Cards,true_leaf,548,0
Extension Cords,true_leaf,545,0
Cat 7 Cables,true_leaf,545,0
Camcorder Batteries,true_leaf,521,0
DVD Players,true_leaf,519,0
Portable DVD Players,true_leaf,518,0
Tripod Heads,true_leaf,515,0
Wireless Access Points,true_leaf,493,0
Accessory Bundles,true_leaf,485,0
Heatsinks,true_leaf,484,0
Coaxial Cables,true_leaf,481,0
Decals,true_leaf,479,0
Blu-ray Players,true_leaf,477,0
Battery Grips,true_leaf,475,0
Continuous Output Lighting,true_leaf,470,0
Briefcases,true_leaf,469,0
samsung_tradein,true_leaf,461,0
Cooling Pads,true_leaf,461,0
Computer Microphones,true_leaf,458,0
Compressed Air Dusters,true_leaf,455,0
Splitters,true_leaf,449,0
Case Hardware & Latches,true_leaf,433,0
Boomboxes,true_leaf,431,0
FM Transmitters,true_leaf,427,0
Microphones,true_leaf,425,0
Powerline Network Adapters,true_leaf,422,0
Radio Wiring Harnesses,true_leaf,419,0
Booms & Stands,true_leaf,419,0
Cat 5e Cables,true_leaf,417,0
Internal TV Tuner & Capture Cards,true_leaf,408,0
USB-to-VGA Adapters,true_leaf,406,0
Macro & Ringlight Flashes,true_leaf,393,0
Bookshelf Speakers,true_leaf,390,0
Multichannel Amplifiers,true_leaf,387,0
Internal Hard Drives,true_leaf,385,0
Internal Solid State Drives,true_leaf,383,0
Monoculars,true_leaf,380,0
All-in-Ones,true_leaf,379,0
Shortwave Radios,true_leaf,376,0
Optical,true_leaf,373,0
Cable Raceways,true_leaf,369,0
Home Theater Systems,true_leaf,369,0
Weather Radios,true_leaf,366,0
Network Antennas,true_leaf,365,0
Shoe Mounts,true_leaf,359,0
In-Dash DVD & Video Receivers,true_leaf,356,0
USB Port Cards,true_leaf,355,0
Uninterruptible Power Supply (UPS),true_leaf,353,0
Cable Organizer Bags & Cases,true_leaf,348,0
Reflectors,true_leaf,348,0
Instant Cameras,true_leaf,342,0
Running GPS Units,true_leaf,335,0
Cable Sleeves,true_leaf,334,0
Cleaning Kits,true_leaf,333,0
Lamps,true_leaf,332,0
Item Finders,true_leaf,330,0
Monopods,true_leaf,328,0
Portable CD Players,true_leaf,324,0
Fish Finders & Depth Finders,true_leaf,322,0
Telephone Cords,true_leaf,320,0
Film,true_leaf,318,0
Hidden Cameras,true_leaf,315,0
Diffusers,true_leaf,315,0
DVI,true_leaf,315,0
USB Microscopes,true_leaf,314,0
Neutral Density Filters,true_leaf,313,0
3D Glasses,true_leaf,307,0
VGA Cables,true_leaf,306,0
Shutter Release Cords,true_leaf,303,0
Whole Home & Mesh Wi-Fi Systems,true_leaf,293,0
Motion Detectors,true_leaf,293,0
Bluetooth Car Kits,true_leaf,291,0
Surround Sound Systems,true_leaf,290,0
HDMI-to-VGA Adapters,true_leaf,288,0
Coaxial,true_leaf,284,0
USB Lamps,true_leaf,283,0
Personal Radios,true_leaf,276,0
Mirrorless Cameras,true_leaf,275,0
Bluetooth Network Adapters,true_leaf,274,0
Modems,true_leaf,274,0
Battery Holders,true_leaf,272,0
Mono Amplifiers,true_leaf,269,0
Housings,true_leaf,269,0
Remote Control Extenders,true_leaf,268,0
Viewfinders,true_leaf,268,0
In-Mirror Video,true_leaf,263,0
Skylight & UV Filters,true_leaf,257,0
Bulbs,true_leaf,257,0
Camera Privacy Covers,true_leaf,253,0
Subwoofer Boxes & Enclosures,true_leaf,251,0
Radar Detectors,true_leaf,251,0
Racks & Cabinets,true_leaf,249,0
Horns & Sirens,true_leaf,248,0
Serial Adapters,true_leaf,247,0
Computer Screws,true_leaf,242,0
Repair Kits,true_leaf,242,0
Chargers & Cables,true_leaf,240,0
Video Monitors,true_leaf,237,0
GPS Trackers,true_leaf,235,0
Stereo Shelf Systems,true_leaf,227,0
Umbrellas,true_leaf,226,0
CompactFlash Cards,true_leaf,226,0
Shooting Tents,true_leaf,224,0
External Solid State Drives,true_leaf,221,0
Remote Triggers,true_leaf,221,0
Projector,true_leaf,218,0
Auxiliary Input Adapters,true_leaf,217,0
Replacement Bands,true_leaf,217,0
Camera Brackets,true_leaf,210,0
Bluetooth Transmitters,true_leaf,210,0
Cables & Cords,true_leaf,209,0
Camcorder Cases,true_leaf,208,0
Battery Storage Containers,true_leaf,208,0
Lens Cleaners,true_leaf,201,0
Internal CD & DVD Drives,true_leaf,198,0
Satellite Radio,true_leaf,196,0
Surveillance Video Recorders,true_leaf,195,0
Outdoor Speakers,true_leaf,193,0
Speaker Repair,true_leaf,190,0
Wireless Audio Receivers & Adapters,true_leaf,189,0
Photo Adapters,true_leaf,189,0
Fixed-mount CB Radios,true_leaf,188,0
Blu-ray Drives,true_leaf,186,0
Memory Card Cases,true_leaf,185,0
Memory Card Adapters,true_leaf,184,0
Floor Cord Covers,true_leaf,184,0
DVD-R,true_leaf,182,0
Filters,true_leaf,181,0
Monolights,true_leaf,180,0
Floorstanding Speakers,true_leaf,178,0
Network Transceivers,true_leaf,177,0
Power & Ground Cable,true_leaf,177,0
Overhead Video,true_leaf,174,0
Golf Course GPS Units,true_leaf,174,0
Ceiling & In-Wall Speakers,true_leaf,173,0
CD-R,true_leaf,173,0
TV Replacement Lamps,true_leaf,172,0
Thunderbolt Cables,true_leaf,172,0
AV Receivers & Amplifiers,true_leaf,169,0
Digitizers,true_leaf,168,0
Mirrorless Camera Lenses,true_leaf,168,0
Refractors,true_leaf,168,0
Battery Testers,true_leaf,168,0
Digital Pens,true_leaf,168,0
Bluetooth Headsets,true_leaf,167,0
Bag & Case Accessories,true_leaf,166,0
Camcorder,true_leaf,166,0
Portable Line-In Speakers,true_leaf,163,0
Headrest Video,true_leaf,161,0
Polarizing Filters,true_leaf,161,0
Lens Cases,true_leaf,160,0
Eyepieces,true_leaf,157,0
Numeric Keypads,true_leaf,155,0
External Sound Cards,true_leaf,151,0
Center-Channel Speakers,true_leaf,151,0
Record Cleaners & Cleaning Supplies,true_leaf,150,0
Cassette Players & Recorders,true_leaf,148,0
Gender Changers,true_leaf,147,0
DVD Recorders,true_leaf,147,0
Internal Sound Cards,true_leaf,146,0
Mounting Hardware,true_leaf,145,0
Preamplifiers,true_leaf,143,0
Background Support Equipment,true_leaf,137,0
Screens,true_leaf,135,0
TV Mount Stands,true_leaf,134,0
DVD+R,true_leaf,134,0
Analog-to-Digital (DTV) Converters,true_leaf,133,0
Car Dash Mounting Kits,true_leaf,128,0
Computer Vacuums,true_leaf,127,0
Cassette Player Adapters,true_leaf,126,0
Capacitors,true_leaf,124,0
TV-DVD Combos,true_leaf,123,0
Aircraft Accessories,true_leaf,122,0
Quadcopter Camera Mounts,true_leaf,121,0
Serial Cables,true_leaf,118,0
Armbands,true_leaf,118,0
Speaker Systems,true_leaf,117,0
Camera Battery & Charger Sets,true_leaf,115,0
Sync & PC Cords,true_leaf,113,0
TV Display Protectors,true_leaf,112,0
Extension Tubes,true_leaf,109,0
Equalizers,true_leaf,109,0
Devices,true_leaf,107,0
Firewire Cables,true_leaf,107,0
Camcorder Bundles,true_leaf,105,0
Silicon Grease,true_leaf,105,0
Effects Filters,true_leaf,104,0
Cameras,true_leaf,101,0
Cycling GPS Units,true_leaf,100,0
Camera Sliders,true_leaf,99,0
Cooling Fans,true_leaf,99,0
eBook Readers,true_leaf,99,0
Screen Filters,true_leaf,98,0
Connecting Blocks,true_leaf,97,0
Posing Props,true_leaf,97,0
Amplifier Wiring Kits,true_leaf,95,0
Desktop Barebones,true_leaf,95,0
Anti-Glare & Privacy Filters,true_leaf,94,0
Sandbags,true_leaf,91,0
Cord Reels,true_leaf,90,0
Speaker Grills,true_leaf,90,0
Cloths,true_leaf,87,0
Power Adapters,true_leaf,87,0
CD Players,true_leaf,87,0
Print Servers,true_leaf,86,0
Laptop Network Adapters,true_leaf,86,0
PDUs,true_leaf,86,0
Digital-Analog Converters,true_leaf,85,0
Internet Radios,true_leaf,85,0
DVD-VCR Combos,true_leaf,85,0
Security Locks,true_leaf,83,0
Access-Control Keypads,true_leaf,83,0
Marine Speakers,true_leaf,83,0
Noise Filters,true_leaf,82,0
3P ASINs 1500,true_leaf,82,0
QLED TVs,true_leaf,80,0
Tripod & Monopod Cases,true_leaf,80,0
RAID Controllers,true_leaf,79,0
Memory Stick Cards,true_leaf,79,0
Simulated Cameras,true_leaf,78,0
Grills,true_leaf,78,0
Headsets & Intercoms,true_leaf,77,0
Modem Router Combos,true_leaf,77,0
Microcassette Recorders,true_leaf,77,0
Tweeters,true_leaf,76,0
Television Replacement Parts,true_leaf,75,0
Portable Photo Printers,true_leaf,75,0
Rain Covers,true_leaf,74,0
Calculator Accessories,true_leaf,74,0
Surveillance Systems,true_leaf,74,0
BD-R,true_leaf,74,0
Internal Blu-ray Drives,true_leaf,72,0
SCSI Port Cards,true_leaf,72,0
Security Monitors & Displays,true_leaf,71,0
Floppy & Tape Drives,true_leaf,71,0
Component Speakers,true_leaf,71,0
Marine GPS Chartplotters,true_leaf,70,0
Touch Pads,true_leaf,70,0
Light Meters,true_leaf,70,0
Power-Cable Terminals,true_leaf,67,0
Glasses,true_leaf,67,0
Camcorder Battery & Charger Sets,true_leaf,67,0
Binocular Accessories,true_leaf,67,0
Step-Up Rings,true_leaf,66,0
Reading Lights,true_leaf,65,0
External TV Tuners,true_leaf,64,0
Trackballs,true_leaf,63,0
Portable & Handheld TVs,true_leaf,62,0
Head Cleaners,true_leaf,62,0
Servers,true_leaf,61,0
Biometrics,true_leaf,61,0
Graphics Card Fans,true_leaf,61,0
Gaming Monitors,true_leaf,61,0
Adapter Rings,true_leaf,61,0
Digital Media Receivers,true_leaf,60,0
Radio Scanners,true_leaf,59,0
Open-Ear Headphones,true_leaf,58,0
Marine Two-Way Radios,true_leaf,58,0
VHS,true_leaf,58,0
Tripod Mount Rings,true_leaf,57,0
Flex Cables,true_leaf,57,0
Skins,true_leaf,57,0
Battery Packs,true_leaf,57,0
MiniDV,true_leaf,56,0
Follow-Focus Levers,true_leaf,56,0
Surveillance Camera Lenses,true_leaf,56,0
Car Headphones,true_leaf,56,0
Dual-Channel Amplifiers,true_leaf,56,0
Surveillance NVR Kits,true_leaf,55,0
Enclosed Subwoofer Systems,true_leaf,53,0
OLED TVs,true_leaf,53,0
Isolation Transformers,true_leaf,53,0
Protection Plans,true_leaf,53,0
Satellite Speakers,true_leaf,52,0
Compound Monocular Microscopes,true_leaf,52,0
Caller ID Displays,true_leaf,51,0
Cable Security Devices,true_leaf,51,0
Spikes,true_leaf,51,0
Lens Supports,true_leaf,51,0
Subwoofer,true_leaf,51,0
FireWire Port Cards,true_leaf,51,0
Disc Duplicators,true_leaf,50,0
Crossover Parts,true_leaf,49,0
Marine GPS Accessories,true_leaf,49,0
Stereo Microscopes,true_leaf,49,0
Video Transmission Systems,true_leaf,49,0
Finder Scopes,true_leaf,48,0
Teleprompters,true_leaf,48,0
Disc Repair Kits,true_leaf,48,0
CD Racks,true_leaf,47,0
S-Video Cables,true_leaf,46,0
VCRs,true_leaf,46,0
Distribution Panels,true_leaf,46,0
Chargers,true_leaf,46,0
Wireless Multiroom Systems,true_leaf,45,0
Video Glasses,true_leaf,45,0
Filter Cases,true_leaf,45,0
DVD-RW,true_leaf,44,0
Smart Clip Accessories,true_leaf,44,0
Camera Shoulder Supports,true_leaf,43,0
Component Cables,true_leaf,43,0
Disc Cleaners,true_leaf,43,0
Tripod Legs,true_leaf,43,0
Cell Phone Headsets,true_leaf,43,0
IR Illuminators,true_leaf,42,0
Thermal Pads,true_leaf,42,0
SLR Cameras,true_leaf,42,0
Media Storage Sleeves,true_leaf,41,0
Satellite Dishes,true_leaf,40,0
Film Processing Equipment,true_leaf,40,0
Mini-SAS Cables,true_leaf,38,0
Serial Port Cards,true_leaf,38,0
Mobile Broadband Devices,true_leaf,37,0
Grey Cards,true_leaf,37,0
Battery Wiring & Terminals,true_leaf,37,0
Speaker Wire Connectors,true_leaf,36,0
3P ASINs 1400,true_leaf,36,0
Catadioptric,true_leaf,36,0
"FREE One-Day Shipping in TV, Video & Audio with your Citi Card",true_leaf,36,0
Electronics & Wireless Outlet,true_leaf,35,0
Data Cartridges,true_leaf,35,0
Cat 5 Cables,true_leaf,35,0
Archival Boxes,true_leaf,34,0
Shower Radios,true_leaf,33,0
"Slide, Negative & Print Pages",true_leaf,33,0
Styluses,true_leaf,32,0
Infrared Filters,true_leaf,31,0
Modem Cables,true_leaf,31,0
xD-Picture Cards,true_leaf,31,0
Marine Stereos,true_leaf,30,0
Speaker Wire,true_leaf,30,0
Satellite Dish Mounts,true_leaf,29,0
Bags,true_leaf,29,0
Satellite Finders,true_leaf,29,0
Color Correction & Compensation Filters,true_leaf,29,0
Line Conditioners,true_leaf,29,0
Headphones,true_leaf,29,0
Portfolios,true_leaf,28,0
Amazon Cloud Drive T&C Offer,true_leaf,28,0
Single-Use Cameras,true_leaf,27,0
All,true_leaf,27,0
Continuous Lights,true_leaf,26,0
Point & Shoot Film Cameras,true_leaf,26,0
Trucking GPS,true_leaf,26,0
Computer Equipment Warranties,true_leaf,26,0
Electronics International Versions,true_leaf,26,0
Tape Decks,true_leaf,26,0
OtterBox Brand Store,true_leaf,25,0
Body Mounted Cameras,true_leaf,25,0
CD-RW,true_leaf,25,0
Fuse Holders,true_leaf,25,0
Razer,true_leaf,25,0
Dew Caps,true_leaf,24,0
Projector Bags & Cases,true_leaf,24,0
Color Calibration Charts,true_leaf,24,0
Speaker Wiring Harnesses,true_leaf,24,0
LCD Displays,true_leaf,24,0
Barlow Lenses,true_leaf,24,0
PS/2 Cables,true_leaf,24,0
Marine Antennas,true_leaf,23,0
Bundles,true_leaf,23,0
Wearable Technology: Running Watches & Devices,true_leaf,23,0
PC Part Finder,true_leaf,22,0
Telescope Cases,true_leaf,22,0
Grill Cloth,true_leaf,21,0
Composite Cables,true_leaf,21,0
Parallel Port Cards,true_leaf,21,0
Camcorder Lenses,true_leaf,20,0
Matte Boxes,true_leaf,19,0
"FREE Two-Day Shipping in Camera, Photo & Video",true_leaf,19,0
Compound Binocular Microscopes,true_leaf,19,0
Parallel Cables,true_leaf,19,0
Floppy Diskettes,true_leaf,19,0
Adzinia CE Node,true_leaf,19,0
External Cooling Fans,true_leaf,19,0
DATs,true_leaf,19,0
Barn Doors,true_leaf,18,0
Installation Services,true_leaf,18,0
Chemicals,true_leaf,18,0
Motor Drives,true_leaf,18,0
Pyle,true_leaf,18,0
Electronics Top Holiday Deals,true_leaf,17,0
Marine Amplifiers,true_leaf,17,0
Traffic Message Channel (TMC) Receiver Modules,true_leaf,17,0
Computers Low Return Rate Alert,true_leaf,17,0
Gifts,true_leaf,17,0
RF Modulators,true_leaf,17,0
Tabletop & Travel Tripods,true_leaf,16,0
Carpet & Vinyl,true_leaf,16,0
Compound Trinocular Microscopes,true_leaf,16,0
Internal Memory Card Readers,true_leaf,16,0
Firewire Adapters,true_leaf,16,0
Amazon Locker Eligible Camera Products,true_leaf,16,0
Flash Tubes,true_leaf,15,0
V4 Customers Keep It - 30%,true_leaf,15,0
Compressed Air,true_leaf,15,0
Heat-Shrink Tubing,true_leaf,15,0
20-25.9 Inches,true_leaf,14,0
Minidisc Players,true_leaf,14,0
Step-Down Rings,true_leaf,14,0
BD-RE,true_leaf,14,0
LifeProof Brand Store,true_leaf,14,0
Wireless,true_leaf,14,0
Discover Holiday - MP3 & Media Players,true_leaf,14,0
Tuners,true_leaf,14,0
Brushes,true_leaf,13,0
Other Accessories,true_leaf,13,0
Drone Store | Accessories,true_leaf,13,0
Bluetooth Speakers,true_leaf,12,0
Power Cables,true_leaf,12,0
Phono Preamps,true_leaf,12,0
V4 Customers Keep It - 50%,true_leaf,12,0
Cell Phones & Accessories,true_leaf,12,0
Interconnect Cables,true_leaf,12,0
Slaves,true_leaf,12,0
VCR Rewinders,true_leaf,12,0
SmartMedia Cards,true_leaf,12,0
Connectivity,true_leaf,12,0
Camera Cranes,true_leaf,11,0
Heavy Items,true_leaf,11,0
Video Multiplexers & Quads,true_leaf,10,0
Professional Video Cameras,true_leaf,10,0
Graduated Color Filters,true_leaf,10,0
Aviation GPS,true_leaf,10,0
Bestselling Renewed Smartphones,true_leaf,10,0
Rings,true_leaf,10,0
Diopters,true_leaf,10,0
Parallel Adapters,true_leaf,10,0
TV Turntables,true_leaf,10,0
Discover Holiday - TV & Video,true_leaf,10,0
Mad Catz,true_leaf,10,0
2014,true_leaf,10,0
Nexus Tablet Accessories,true_leaf,9,0
Stylus Pens,true_leaf,9,0
Flat Ribbon Cables,true_leaf,9,0
Wireless Jack Systems,true_leaf,9,0
Electronic Flashes,true_leaf,9,0
Hi-8,true_leaf,9,0
External Zip Drives,true_leaf,9,0
Photo Enlarging Paper,true_leaf,9,0
Amazon Device Accessories under $20,true_leaf,8,0
Camera Chest Supports,true_leaf,8,0
Phone Cards,true_leaf,8,0
Social Photography,true_leaf,8,0
Shooting Tables,true_leaf,8,0
VTR Decks,true_leaf,8,0
Amazon Pro Portal,true_leaf,8,0
TV Tuners,true_leaf,8,0
DVD+RW,true_leaf,8,0
Diagonals,true_leaf,8,0
Hero Quick Promotion,true_leaf,8,0
Opera Glasses,true_leaf,8,0
Tech Accessories,true_leaf,8,0
iPhone Cases,true_leaf,8,0
High-Tech Stocking Stuffers,true_leaf,8,0
USB 2.0,true_leaf,8,0
Marine Subwoofers,true_leaf,8,0
FREE One-Day Shipping on Select Electronics with your Discover Card,true_leaf,8,0
Port Tubes,true_leaf,8,0
FREE One Day Shipping with Citi-Electronics On the Go,true_leaf,8,0
Computer & Tablet Accessories,true_leaf,8,0
All Canon,true_leaf,8,0
DLT Cleaning Cartridges,true_leaf,8,0
Portable Audio & Accessories Holiday Deals,true_leaf,8,0
Copying Equipment,true_leaf,8,0
Loupes,true_leaf,7,0
iPad,true_leaf,7,0
Cool & Quirky Tech Accessories,true_leaf,7,0
Camera & Camcorder Lens Bundles,true_leaf,7,0
Slide Projectors,true_leaf,7,0
Radar Systems,true_leaf,7,0
Mounting Brackets,true_leaf,7,0
Guiders & Wedges,true_leaf,7,0
Computers,true_leaf,7,0
TV on the Go,true_leaf,7,0
MiniDiscs,true_leaf,7,0
Scosche,true_leaf,7,0
Power Supplies & Chargers,true_leaf,7,0
Handheld CB Radios,true_leaf,7,0
Surveillance Accessories,true_leaf,7,0
Truck & RV Electronics Store,true_leaf,6,0
Parts & Accessories,true_leaf,6,0
PC & Camera Outlet,true_leaf,6,0
Multifunction Devices,true_leaf,6,0
Bass Blockers,true_leaf,6,0
USB Beverage Warmers,true_leaf,6,0
Speaker Boxes,true_leaf,6,0
"Deep Discounts in Camera, Photo & Video",true_leaf,6,0
Handles,true_leaf,6,0
CD Recorders,true_leaf,6,0
Electronics Emergency Preparedness,true_leaf,6,0
Internal Modems,true_leaf,6,0
4th of July Deals 2013-Electronics On the Go,true_leaf,6,0
Wearable Technology 1.0,true_leaf,6,0
Samsung Tablet Accessories,true_leaf,6,0
Medium & Large-Format Cameras,true_leaf,5,0
Device Servers,true_leaf,5,0
HD DVD Players,true_leaf,5,0
Video Game Consoles & Accessories,true_leaf,5,0
Changers,true_leaf,5,0
Caddies,true_leaf,5,0
Kick-Panel Enclosures,true_leaf,5,0
Video Games,true_leaf,5,0
Wearable Technology: Fitness & Wellness,true_leaf,5,0
Bases & Stands,true_leaf,5,0
Liquid Cleaners,true_leaf,5,0
Tablet PCs,true_leaf,5,0
Biking,true_leaf,5,0
SteelSeries,true_leaf,5,0
New in Electronics,true_leaf,5,0
Gifts for Dads & Grads in Electronics,true_leaf,5,0
Sports GPS,true_leaf,5,0
Home Entertainment,true_leaf,4,0
Aviation Handheld Radios,true_leaf,4,0
Camera Cine Dollies,true_leaf,4,0
Touchscreen Laptops,true_leaf,4,0
Computers and Accessories Quantity Pricing,true_leaf,4,0
OnePlus,true_leaf,4,0
Center Columns,true_leaf,4,0
Corsair,true_leaf,4,0
Samsung Note 10.1,true_leaf,4,0
iPad mini,true_leaf,4,0
Summer is Coming in Tech Accessories,true_leaf,4,0
VHS-C,true_leaf,4,0
DVD-RAM,true_leaf,4,0
Safelights,true_leaf,4,0
FireWire,true_leaf,4,0
Star Wars Day Tech Gadgets,true_leaf,4,0
Carpet,true_leaf,4,0
Marine Autopilots,true_leaf,4,0
Optoma Projectors,true_leaf,3,0
Tablet & Computer Accessories,true_leaf,3,0
Travel Essentials,true_leaf,3,0
Echo Smart Speaker & Display Bundles,true_leaf,3,0
Premium TV & Audio,true_leaf,3,0
Logitech,true_leaf,3,0
16-20 Inches,true_leaf,3,0
Specialty Film Cameras,true_leaf,3,0
SCSI Cables,true_leaf,3,0
V4 Customers Keep It - 70%,true_leaf,3,0
Zip Media,true_leaf,3,0
Traditional Audio,true_leaf,3,0
"New Year, New Tech Gear Electronics On the Go",true_leaf,3,0
Sound Storm Dynamic Coop,true_leaf,3,0
SCSI Adapters,true_leaf,3,0
June Audio Month Featured Deals,true_leaf,3,0
"Wearable Technology: Family, Kids & Pets",true_leaf,3,0
Gear for the Urban Commuter,true_leaf,3,0
Featured Windows 8 PCs,true_leaf,3,0
Game Hardware,true_leaf,3,0
Kids Character Cameras,true_leaf,3,0
Buy Samsung at as low as 0% APR,true_leaf,3,0
In-Visor Video,true_leaf,3,0
Bounceback,true_leaf,2,0
Tablet Stands,true_leaf,2,0
Virtual Reality,true_leaf,2,0
Systems,true_leaf,2,0
Smart Plugs,true_leaf,2,0
New iPod Accessories,true_leaf,2,0
Sandisk Dynamic Coop,true_leaf,2,0
12-Month Financing on Computers,true_leaf,2,0
PC Components,true_leaf,2,0
Strobes & Flashes,true_leaf,2,0
2014 Samsung Holiday TV Deals,true_leaf,2,0
ASUS Transformer Tablet Accessories,true_leaf,2,0
Car Electronics for College,true_leaf,2,0
Innovative Gadget Gifts for Techies,true_leaf,2,0
Subwoofer Kits,true_leaf,2,0
Archival Storage Binders,true_leaf,2,0
Metra Dynamic Coop,true_leaf,2,0
Network Media Players & Storage,true_leaf,2,0
"Big Markdowns in TV, Video & Audio",true_leaf,2,0
Midland Dynamic Coop,true_leaf,2,0
HP Single-Function Inkjet Printers,true_leaf,2,0
Rangefinder Cameras,true_leaf,2,0
USB 3.0/2.0,true_leaf,2,0
Electronics Holiday Shopping,true_leaf,2,0
Free Photo Book,true_leaf,2,0
HP Monochrome LaserJets,true_leaf,2,0
Summer Road Trip-Electronics On the Go,true_leaf,2,0
Pro Series Ultrabooks,true_leaf,2,0
Power-Over-Ethernet,true_leaf,2,0
Featured iPad Accessories,true_leaf,2,0
Apple,true_leaf,2,0
Wearable Technology: Smart Tracking,true_leaf,2,0
Dell Monitor Promotion,true_leaf,2,0
Adapters & Connectors,true_leaf,2,0
Cases with Band,true_leaf,2,0
Bestselling Renewed Home Entertainment,true_leaf,2,0
Power-Distribution Components,true_leaf,2,0
Spring Cleaning in Electronics Accessories,true_leaf,2,0
HP Scanners,true_leaf,2,0
Duo Series 2-in-1s Ultrabooks,true_leaf,2,0
Amazon Unlimited Storage + Laptop Promotion,true_leaf,2,0
RV GPS,true_leaf,2,0
Back to School-Electronics On the Go,true_leaf,2,0
Doorbells & Chimes,true_leaf,2,0
Up to 47% off SteelSeries Prime Gaming Mouse,true_leaf,1,0
Monopod Heads,true_leaf,1,0
Portable Audio Spring Outlet,true_leaf,1,0
4-Camera Kits,true_leaf,1,0
Renewed Phones,true_leaf,1,0
Detachables,true_leaf,1,0
Samsung Gift Ideas,true_leaf,1,0
Cable Connection Protectors,true_leaf,1,0
Nokia Lumia 635 DOTD,true_leaf,1,0
HP Laptops,true_leaf,1,0
Devices with Enhanced Amazon Instant Video Viewing Experience,true_leaf,1,0
Big Savings in Home Audio & Headphones,true_leaf,1,0
Dell Tablet Accessories,true_leaf,1,0
Binding Machine Supplies,true_leaf,1,0
All Sony Camera & Photo,true_leaf,1,0
All Camera & Photo,true_leaf,1,0
Processors,true_leaf,1,0
iPad Air Accessories,true_leaf,1,0
Traditional Camcorders,true_leaf,1,0
HP Laptop Sleeves,true_leaf,1,0
LG,true_leaf,1,0
Designed for Flip,true_leaf,1,0
Home Theater Projectors,true_leaf,1,0
Cases & Covers,true_leaf,1,0
Toshiba Netbook Accessories,true_leaf,1,0
Qualifying Audible Devices,true_leaf,1,0
Fitness GPS Accessories from Garmin,true_leaf,1,0
Toshiba Laptops,true_leaf,1,0
Musical Instruments,true_leaf,1,0
Tab 2 10.1,true_leaf,1,0
"Deal of the Day | New Year, New Tech Gear",true_leaf,1,0
Valentine's Day,true_leaf,1,0
GoPro Accessories,true_leaf,1,0
Samsung Tab 2 7.0,true_leaf,1,0
Samsung Note 8.0,true_leaf,1,0
Power Packs,true_leaf,1,0
Logitech Universal Remotes,true_leaf,1,0
8-Channel,true_leaf,1,0
Deal of the Day: Up to 50% Off Select Tech Accessories,true_leaf,1,0
Wearable Technology: Wearables for Babies & Kids,true_leaf,1,0
Select Favorites in Computer Accessories,true_leaf,1,0
Shop Dell Desktops,true_leaf,1,0
iPad Pro Accessories,true_leaf,1,0
Wireless Components & Receivers,true_leaf,1,0
6 Month Financing,true_leaf,1,0
Featured Overstock in Mobile Electronics,true_leaf,1,0
Apple Bands,true_leaf,1,0
Midland Two-Way & Emergency Radios,true_leaf,1,0
Sennheiser Mics & Instrument Sets,true_leaf,1,0
Deep Discounts in Portable Audio & Accessories,true_leaf,1,0
Belkin Dynamic Coop,true_leaf,1,0
Mother's Day Gifts in Electronics Accessories,true_leaf,1,0
TomTom Dynamic Coop,true_leaf,1,0
Electronics $5 Store,true_leaf,1,0
Gaming PC,true_leaf,1,0
Presidents Day Deals Electronics On the Go,true_leaf,1,0
HDD Cooling Fans,true_leaf,1,0
Home Audio Outlet,true_leaf,1,0
Boston Acoustics Speakers,true_leaf,1,0
Surround Processors,true_leaf,1,0
PC Games,true_leaf,1,0
Printers,true_leaf,1,0
Pioneer Elite,true_leaf,1,0
Laptop Travel Accessories,true_leaf,1,0
Popular Electronics,true_leaf,1,0
Denon Receivers,true_leaf,1,0
Electronics Outlet,true_leaf,1,0
Computer Accessories & Peripherals Deal of the Day,true_leaf,1,0
Pyle Electronics Holiday Savings,true_leaf,1,0
Emerging Technologies,true_leaf,1,0
"30% off on Caseology iPhone Cases for iPhone X, iPhone 8/7 and iPhone 8Plus/7Plus Smartphones",true_leaf,1,0
HP Desktops,true_leaf,1,0
Power-Distribution Kits,true_leaf,1,0
Must-Have Gadgets for Summer Travel,true_leaf,1,0
Sensors,true_leaf,1,0
Deep Discounts in Car Electronics and GPS & Navigation,true_leaf,1,0
8-Camera Kits,true_leaf,1,0
HP Laptop Bags/Cases,true_leaf,1,0
Batteries & Adapters,true_leaf,1,0
Hunting and Fishing,true_leaf,1,0
Chromebook Savings,true_leaf,1,0
Microdrive,true_leaf,1,0
GPS & Navigation Holiday Deals,true_leaf,1,0
Free One Day Shipping | Mobile Electronics,true_leaf,1,0
HP Projectors,true_leaf,1,0
Fitness Headphones,true_leaf,1,0
New Intel Powered ASUS Tablets,true_leaf,1,0
Alarm Systems,true_leaf,1,0
Headphones & Components,true_leaf,1,0
Audio and Accessories,true_leaf,1,0
Radio & Clock Stocking Stuffers,true_leaf,1,0
Acer Laptops & Desktops Event,true_leaf,1,0
Gaming Desktops,true_leaf,1,0
Convertibles,true_leaf,1,0
MP3 Players with Android,true_leaf,1,0
SkullcandyHeadphones,true_leaf,1,0
Binocular Cases,true_leaf,1,0
Keycaps,true_leaf,1,0
TV Accessories - Home,true_leaf,1,0
Home Security Decals & Signs,true_leaf,1,0
Cases,intermediate_leaf,20168,3
Batteries,intermediate_leaf,4453,2
Screen Protectors,intermediate_leaf,3650,4
Monitors,intermediate_leaf,2840,3
Keyboards,intermediate_leaf,2670,2
Arm & Wristband Accessories,intermediate_leaf,2201,3
Internal Components,intermediate_leaf,2160,13
Tablet Accessories,intermediate_leaf,1822,7
Camcorders,intermediate_leaf,1361,1
External Hard Drives,intermediate_leaf,1306,1
Amplifiers,intermediate_leaf,1274,3
"Bags, Cases & Sleeves",intermediate_leaf,1233,8
Computers & Accessories,intermediate_leaf,1225,11
Camera & Photo,intermediate_leaf,1169,14
Antennas,intermediate_leaf,1071,2
Headphones & Earbuds,intermediate_leaf,1068,4
Battery Chargers,intermediate_leaf,836,2
Skins & Decals,intermediate_leaf,786,2
Accessories,intermediate_leaf,746,47
Audio & Video Accessories,intermediate_leaf,687,11
Cables & Interconnects,intermediate_leaf,588,15
Computer Cable Adapters,intermediate_leaf,506,9
Security & Surveillance,intermediate_leaf,441,7
Mounts,intermediate_leaf,399,1
MP3 & MP4 Player Accessories,intermediate_leaf,391,10
Subwoofers,intermediate_leaf,391,3
Cables,intermediate_leaf,341,12
Surveillance Cameras,intermediate_leaf,305,3
Computer Accessories & Peripherals,intermediate_leaf,292,18
Laptop Accessories,intermediate_leaf,286,13
Network Attached Storage,intermediate_leaf,273,2
Networking Products,intermediate_leaf,265,14
"Headphones, Earbuds & Accessories",intermediate_leaf,260,6
Cord Management,intermediate_leaf,260,6
Vehicle GPS,intermediate_leaf,252,1
Portable Audio & Video,intermediate_leaf,238,13
Car & Vehicle Electronics,intermediate_leaf,236,4
Computers & Tablets,intermediate_leaf,231,3
Televisions,intermediate_leaf,229,3
Monitor Accessories,intermediate_leaf,203,5
Vehicle Audio & Video Installation,intermediate_leaf,200,4
Camera Lenses,intermediate_leaf,198,2
Digital Cameras,intermediate_leaf,196,4
Bags & Cases,intermediate_leaf,196,8
Speakers,intermediate_leaf,193,13
Photo Studio,intermediate_leaf,177,8
Television & Video,intermediate_leaf,168,14
Lens Accessories,intermediate_leaf,167,9
Ethernet Cables,intermediate_leaf,160,4
Satellite Equipment,intermediate_leaf,159,2
Professional Video Accessories,intermediate_leaf,152,3
GPS System Accessories,intermediate_leaf,147,7
Tripods & Monopods,intermediate_leaf,146,6
Distribution,intermediate_leaf,143,3
Network Adapters,intermediate_leaf,137,4
Home Audio,intermediate_leaf,136,7
Accessories & Supplies,intermediate_leaf,135,7
Computer Components,intermediate_leaf,134,6
Filters & Accessories,intermediate_leaf,132,9
Fans & Cooling,intermediate_leaf,129,8
Car Electronics,intermediate_leaf,129,3
Tripod & Monopod Accessories,intermediate_leaf,125,2
Data Storage,intermediate_leaf,121,8
Video Surveillance,intermediate_leaf,119,4
Storage & Presentation Materials,intermediate_leaf,116,5
Desktops,intermediate_leaf,112,3
Wearable Technology,intermediate_leaf,110,7
Radios,intermediate_leaf,107,3
Lenses,intermediate_leaf,106,3
Lighting,intermediate_leaf,105,10
Digital Camera Accessories,intermediate_leaf,104,5
Service Plans,intermediate_leaf,100,2
Cleaning,intermediate_leaf,98,5
Telescope Accessories,intermediate_leaf,93,10
Flash Accessories,intermediate_leaf,91,6
Car Video,intermediate_leaf,89,10
Vehicle Electronics Accessories,intermediate_leaf,85,5
Flashes,intermediate_leaf,82,2
CB & Two-Way Radios,intermediate_leaf,80,3
Video,intermediate_leaf,74,7
Telephone Accessories,intermediate_leaf,73,6
Blank Media,intermediate_leaf,73,14
Power Accessories,intermediate_leaf,71,5
Home Audio Accessories,intermediate_leaf,69,8
Car Audio,intermediate_leaf,67,8
Projector Accessories,intermediate_leaf,66,7
Memory Cards,intermediate_leaf,64,6
Satellite Television,intermediate_leaf,63,3
Sports & Handheld GPS,intermediate_leaf,56,4
Input Devices,intermediate_leaf,56,5
Telescopes,intermediate_leaf,55,3
"Keyboards, Mice & Accessories",intermediate_leaf,54,4
Batteries & Chargers,intermediate_leaf,53,4
Amplifier Installation,intermediate_leaf,52,12
Speaker Parts & Components,intermediate_leaf,52,8
eBook Readers & Accessories,intermediate_leaf,51,10
Hard Drive Accessories,intermediate_leaf,51,5
Microscopes,intermediate_leaf,49,3
Turntables & Accessories,intermediate_leaf,47,1
Cables & Accessories,intermediate_leaf,46,2
Wireless & Streaming Audio,intermediate_leaf,44,2
Keyboard & Mice Accessories,intermediate_leaf,40,2
Car Safety & Security,intermediate_leaf,40,1
"GPS, Finders & Accessories",intermediate_leaf,39,6
Quadcopters & Accessories,intermediate_leaf,39,1
Speaker Accessories,intermediate_leaf,36,2
Memory Card Accessories,intermediate_leaf,36,3
External Components,intermediate_leaf,36,5
Optical Drives,intermediate_leaf,35,3
Underwater Photography,intermediate_leaf,34,4
DVD Players & Recorders,intermediate_leaf,33,2
"TV Mounts, Stands & Turntables",intermediate_leaf,31,3
USB Gadgets,intermediate_leaf,31,3
Cooling Pads & External Fans,intermediate_leaf,31,2
Film Cameras,intermediate_leaf,31,7
Home Theater,intermediate_leaf,30,4
Cleaning Equipment,intermediate_leaf,30,5
Camcorder Accessories,intermediate_leaf,30,1
Binoculars & Scopes,intermediate_leaf,28,5
Film Photography,intermediate_leaf,27,2
Surveillance Video Equipment,intermediate_leaf,26,6
"Household Batteries, Chargers & Accessories",intermediate_leaf,26,5
CB Radios & Scanners,intermediate_leaf,26,2
Power Strips & Surge Protectors,intermediate_leaf,24,2
New Arrivals - Electronics,intermediate_leaf,22,5
Speaker Installation,intermediate_leaf,21,6
Cleaning & Repair,intermediate_leaf,21,4
Amazon Device Accessories,intermediate_leaf,20,12
Home Audio Crossovers & Parts,intermediate_leaf,20,1
Receivers & Amplifiers,intermediate_leaf,20,3
Portable Speakers & Docks,intermediate_leaf,19,3
I/O Port Cards,intermediate_leaf,18,6
Laptops,intermediate_leaf,17,2
Battery & Charger Sets,intermediate_leaf,15,2
Marine Electronics,intermediate_leaf,15,11
Compact Radios & Stereos,intermediate_leaf,14,4
Blu-ray Players & Recorders,intermediate_leaf,14,1
Underwater Lighting,intermediate_leaf,14,3
Stereo System Components,intermediate_leaf,13,2
Office Electronics Accessories,intermediate_leaf,12,4
Lighting Controls & Modifiers,intermediate_leaf,11,5
Gaming Mice,intermediate_leaf,11,2
Darkroom Supplies,intermediate_leaf,11,5
Telescope & Microscope Accessories,intermediate_leaf,10,2
Webcams & VoIP Equipment,intermediate_leaf,10,3
Filter Accessories,intermediate_leaf,10,3
Bluetooth & FM Transmitters,intermediate_leaf,9,2
Light Meters & Accessories,intermediate_leaf,9,3
Thermal Paste & Pads,intermediate_leaf,8,2
Internal Optical Drives,intermediate_leaf,8,2
Tablet Replacement Parts,intermediate_leaf,7,5
Gifts for Grads,intermediate_leaf,7,1
CD & DVD Racks,intermediate_leaf,6,1
Strobe Lighting,intermediate_leaf,6,2
Lenses & Filters,intermediate_leaf,6,1
Lighting & Studio,intermediate_leaf,6,4
CD & Tape Players,intermediate_leaf,5,3
Blank Video Media,intermediate_leaf,5,4
Microscope Accessories,intermediate_leaf,5,2
Gaming Keyboards,intermediate_leaf,5,2
Media Storage,intermediate_leaf,4,1
Electronics Gift Guide - Top Tech for Gifting,intermediate_leaf,4,1
Mounting Accessories,intermediate_leaf,4,2
Gifts for Dads,intermediate_leaf,3,4
Aviation Electronics,intermediate_leaf,3,4
Amazon Devices,intermediate_leaf,3,2
Electronics,intermediate_leaf,2,206
Presentation Supplies,intermediate_leaf,2,1
Computers & Accessories Overstock Event,intermediate_leaf,2,2
Data Cables & Chargers,intermediate_leaf,2,1
Compound Microscopes,intermediate_leaf,1,3
Printers & Scanners,intermediate_leaf,1,1
Toshiba,intermediate_leaf,1,2
Batteries & Battery Packs,intermediate_leaf,1,1
Smart Home Security & Lighting,intermediate_leaf,1,4
Camera Supports & Stabilizers,intermediate_leaf,1,5
PC Gaming,intermediate_leaf,1,1
Warranties & Services,intermediate_leaf,1,2
