leaf_category,count
Cases,20168
Earbud Headphones,10015
USB Cables,6796
Remote Controls,5305
Traditional Laptops,4862
Batteries,4453
Chargers & Adapters,4229
Portable Bluetooth Speakers,3865
Camera Cases,3730
Screen Protectors,3650
Stands,3488
Over-Ear Headphones,3212
Connectors & Adapters,2993
Lightning Cables,2870
HDMI Cables,2843
Monitors,2840
USB Flash Drives,2818
Sleeves,2812
Keyboards,2670
Camera Batteries,2501
Adapters,2460
Mice,2458
Camera Mounts & Clamps,2387
Memory,2376
LED & LCD TVs,2339
Electronics Warranties,2283
AC Adapters,2276
Earpads,2249
Tablets,2243
Power Strips,2239
Arm & Wristband Accessories,2201
Backpacks,2190
Internal Components,2160
TV Wall & Ceiling Mounts,2113
Graphics Cards,2037
Point & Shoot Digital Cameras,1997
Tablet Accessories,1822
Keyboard Cases,1812
TV Antennas,1759
Case Fans,1730
Video Projectors,1707
Complete Tripods,1667
Smartwatches,1661
Dome Cameras,1623
Stereo Jack Cables,1598
Single Board Computers,1587
Towers,1552
Backgrounds,1550
MP3 & MP4 Players,1547
Messenger & Shoulder Bags,1529
Motherboards,1504
Computer Cases,1496
On-Dash Cameras,1494
Webcams,1439
Routers,1438
Enclosures,1424
RCA,1391
Bullet Cameras,1373
Camcorders,1361
Power Cords,1337
Hubs,1333
SLR Camera Lenses,1328
Memory Card Readers,1318
External Hard Drives,1306
Camera,1287
Amplifiers,1274
Monitor Stands,1270
Internal Power Supplies,1262
Screen Protector Foils,1251
"Bags, Cases & Sleeves",1233
Covers,1233
Coaxial Speakers,1226
Computers & Accessories,1225
Power Converters,1224
On-Ear Headphones,1224
USB Network Adapters,1217
DVI-HDMI Adapters,1205
Home Security Systems,1198
Car Stereo Receivers,1187
Camera & Photo,1169
Docking Stations,1167
Keyboard Skins,1166
Hard Shell Cases,1144
Micro SD Cards,1135
Binoculars,1122
Cable Ties,1106
USB Hubs,1098
Vehicle Backup Cameras,1080
Antennas,1071
Headphones & Earbuds,1068
Vehicle Mounts,1048
Video Converters,1034
Computer Speakers,1018
Keyboard & Mouse Combos,1011
Selector Switch Boxes,1003
Stabilizers,977
Speaker Mounts,947
Sound Bars,935
Cat 6 Cables,933
Laptop Replacement Parts,918
Accessory Kits,909
Surveillance DVR Kits,875
Surge Protectors,875
CPU Cooling Fans,873
"Binocular, Camera & Camcorder Straps",856
Battery Chargers,836
Surveillance Housing & Mounting Brackets,825
Radio Antennas,819
Streaming Media Players,814
In-Dash Navigation,807
Skins & Decals,786
SATA Cables,780
Cable Straps,778
Surveillance Camera Cables,774
Lens Hoods,774
Labeling Tapes,771
USB-to-USB Adapters,767
Turntables,767
Two-Way Radios,762
USB Fans,760
Receivers,753
Computer Headsets,750
Switches,747
Accessories,746
SD Cards,739
Water Cooling Systems,718
Component Subwoofers,704
On-Camera Video Lights,702
Minis,700
Audio & Video Accessories,687
Clock Radios,675
Handheld GPS Units,642
DSLR Cameras,641
Shoe Mount Flashes,634
Digital Picture Frames,634
Sports & Action Video Cameras,632
Hard Drive Bags & Cases,629
Lens Caps,628
Monitor Arms,628
"Clips, Arm & Wristbands",613
Digital Voice Recorders,611
Projection Screens,597
Repeaters,593
CD & DVD Drives,593
Soft Boxes,591
CPU Processors,589
Filter Sets,589
Cables & Interconnects,588
Headsets & Microphones,585
Wall Plates & Connectors,581
KVM Switches,576
Graphics Tablets,573
2 in 1 Laptops,566
Adapters & Converters,564
Speaker,559
Replacement Screens,558
Audio Docks,558
Headsets,556
Network Cards,548
Extension Cords,545
Cat 7 Cables,545
Camcorder Batteries,521
DVD Players,519
Portable DVD Players,518
Tripod Heads,515
Computer Cable Adapters,506
Wireless Access Points,493
Accessory Bundles,485
Heatsinks,484
Coaxial Cables,481
Decals,479
Blu-ray Players,477
Battery Grips,475
Continuous Output Lighting,470
Briefcases,469
samsung_tradein,461
Cooling Pads,461
Computer Microphones,458
Compressed Air Dusters,455
Splitters,449
Security & Surveillance,441
Case Hardware & Latches,433
Boomboxes,431
FM Transmitters,427
Microphones,425
Powerline Network Adapters,422
Radio Wiring Harnesses,419
Booms & Stands,419
Cat 5e Cables,417
Internal TV Tuner & Capture Cards,408
USB-to-VGA Adapters,406
Mounts,399
Macro & Ringlight Flashes,393
MP3 & MP4 Player Accessories,391
Subwoofers,391
Bookshelf Speakers,390
Multichannel Amplifiers,387
Internal Hard Drives,385
Internal Solid State Drives,383
Monoculars,380
All-in-Ones,379
Shortwave Radios,376
Optical,373
Cable Raceways,369
Home Theater Systems,369
Weather Radios,366
Network Antennas,365
Shoe Mounts,359
In-Dash DVD & Video Receivers,356
USB Port Cards,355
Uninterruptible Power Supply (UPS),353
Cable Organizer Bags & Cases,348
Reflectors,348
Instant Cameras,342
Cables,341
Running GPS Units,335
Cable Sleeves,334
Cleaning Kits,333
Lamps,332
Item Finders,330
Monopods,328
Portable CD Players,324
Fish Finders & Depth Finders,322
Telephone Cords,320
Film,318
Hidden Cameras,315
Diffusers,315
DVI,315
USB Microscopes,314
Neutral Density Filters,313
3D Glasses,307
VGA Cables,306
Surveillance Cameras,305
Shutter Release Cords,303
Whole Home & Mesh Wi-Fi Systems,293
Motion Detectors,293
Computer Accessories & Peripherals,292
Bluetooth Car Kits,291
Surround Sound Systems,290
HDMI-to-VGA Adapters,288
Laptop Accessories,286
Coaxial,284
USB Lamps,283
Personal Radios,276
Mirrorless Cameras,275
Bluetooth Network Adapters,274
Modems,274
Network Attached Storage,273
Battery Holders,272
Mono Amplifiers,269
Housings,269
Remote Control Extenders,268
Viewfinders,268
Networking Products,265
In-Mirror Video,263
"Headphones, Earbuds & Accessories",260
Cord Management,260
Skylight & UV Filters,257
Bulbs,257
Camera Privacy Covers,253
Vehicle GPS,252
Subwoofer Boxes & Enclosures,251
Radar Detectors,251
Racks & Cabinets,249
Horns & Sirens,248
Serial Adapters,247
Computer Screws,242
Repair Kits,242
Chargers & Cables,240
Portable Audio & Video,238
Video Monitors,237
Car & Vehicle Electronics,236
GPS Trackers,235
Computers & Tablets,231
Televisions,229
Stereo Shelf Systems,227
Umbrellas,226
CompactFlash Cards,226
Shooting Tents,224
External Solid State Drives,221
Remote Triggers,221
Projector,218
Auxiliary Input Adapters,217
Replacement Bands,217
Camera Brackets,210
Bluetooth Transmitters,210
Cables & Cords,209
Camcorder Cases,208
Battery Storage Containers,208
Monitor Accessories,203
Lens Cleaners,201
Vehicle Audio & Video Installation,200
Internal CD & DVD Drives,198
Camera Lenses,198
Digital Cameras,196
Satellite Radio,196
Bags & Cases,196
Surveillance Video Recorders,195
Outdoor Speakers,193
Speakers,193
Speaker Repair,190
Wireless Audio Receivers & Adapters,189
Photo Adapters,189
Fixed-mount CB Radios,188
Blu-ray Drives,186
Memory Card Cases,185
Memory Card Adapters,184
Floor Cord Covers,184
DVD-R,182
Filters,181
Monolights,180
Floorstanding Speakers,178
Network Transceivers,177
Photo Studio,177
Power & Ground Cable,177
Overhead Video,174
Golf Course GPS Units,174
Ceiling & In-Wall Speakers,173
CD-R,173
TV Replacement Lamps,172
Thunderbolt Cables,172
AV Receivers & Amplifiers,169
Digitizers,168
Mirrorless Camera Lenses,168
Refractors,168
Battery Testers,168
Digital Pens,168
Television & Video,168
Bluetooth Headsets,167
Lens Accessories,167
Bag & Case Accessories,166
Camcorder,166
Portable Line-In Speakers,163
Headrest Video,161
Polarizing Filters,161
Lens Cases,160
Ethernet Cables,160
Satellite Equipment,159
Eyepieces,157
Numeric Keypads,155
Professional Video Accessories,152
External Sound Cards,151
Center-Channel Speakers,151
Record Cleaners & Cleaning Supplies,150
Cassette Players & Recorders,148
Gender Changers,147
GPS System Accessories,147
DVD Recorders,147
Tripods & Monopods,146
Internal Sound Cards,146
Mounting Hardware,145
Preamplifiers,143
Distribution,143
Background Support Equipment,137
Network Adapters,137
Home Audio,136
Screens,135
Accessories & Supplies,135
TV Mount Stands,134
Computer Components,134
DVD+R,134
Analog-to-Digital (DTV) Converters,133
Filters & Accessories,132
Fans & Cooling,129
Car Electronics,129
Car Dash Mounting Kits,128
Computer Vacuums,127
Cassette Player Adapters,126
Tripod & Monopod Accessories,125
Capacitors,124
TV-DVD Combos,123
Aircraft Accessories,122
Quadcopter Camera Mounts,121
Data Storage,121
Video Surveillance,119
Serial Cables,118
Armbands,118
Speaker Systems,117
Storage & Presentation Materials,116
Camera Battery & Charger Sets,115
Sync & PC Cords,113
Desktops,112
TV Display Protectors,112
Wearable Technology,110
Extension Tubes,109
Equalizers,109
Radios,107
Devices,107
Firewire Cables,107
Lenses,106
Camcorder Bundles,105
Silicon Grease,105
Lighting,105
Effects Filters,104
Digital Camera Accessories,104
Cameras,101
Service Plans,100
Cycling GPS Units,100
Camera Sliders,99
Cooling Fans,99
eBook Readers,99
Cleaning,98
Screen Filters,98
Connecting Blocks,97
Posing Props,97
Amplifier Wiring Kits,95
Desktop Barebones,95
Anti-Glare & Privacy Filters,94
Telescope Accessories,93
Sandbags,91
Flash Accessories,91
Cord Reels,90
Speaker Grills,90
Car Video,89
Cloths,87
Power Adapters,87
CD Players,87
Print Servers,86
Laptop Network Adapters,86
PDUs,86
Digital-Analog Converters,85
Internet Radios,85
Vehicle Electronics Accessories,85
DVD-VCR Combos,85
Security Locks,83
Access-Control Keypads,83
Marine Speakers,83
Noise Filters,82
Flashes,82
3P ASINs 1500,82
CB & Two-Way Radios,80
QLED TVs,80
Tripod & Monopod Cases,80
RAID Controllers,79
Memory Stick Cards,79
Simulated Cameras,78
Grills,78
Headsets & Intercoms,77
Modem Router Combos,77
Microcassette Recorders,77
Tweeters,76
Television Replacement Parts,75
Portable Photo Printers,75
Rain Covers,74
Calculator Accessories,74
Surveillance Systems,74
Video,74
BD-R,74
Telephone Accessories,73
Blank Media,73
Internal Blu-ray Drives,72
SCSI Port Cards,72
Power Accessories,71
Security Monitors & Displays,71
Floppy & Tape Drives,71
Component Speakers,71
Marine GPS Chartplotters,70
Touch Pads,70
Light Meters,70
Home Audio Accessories,69
Power-Cable Terminals,67
Car Audio,67
Glasses,67
Camcorder Battery & Charger Sets,67
Binocular Accessories,67
Projector Accessories,66
Step-Up Rings,66
Reading Lights,65
External TV Tuners,64
Memory Cards,64
Trackballs,63
Satellite Television,63
Portable & Handheld TVs,62
Head Cleaners,62
Servers,61
Biometrics,61
Graphics Card Fans,61
Gaming Monitors,61
Adapter Rings,61
Digital Media Receivers,60
Radio Scanners,59
Open-Ear Headphones,58
Marine Two-Way Radios,58
VHS,58
Tripod Mount Rings,57
Flex Cables,57
Skins,57
Battery Packs,57
Sports & Handheld GPS,56
Input Devices,56
MiniDV,56
Follow-Focus Levers,56
Surveillance Camera Lenses,56
Car Headphones,56
Dual-Channel Amplifiers,56
Telescopes,55
Surveillance NVR Kits,55
"Keyboards, Mice & Accessories",54
Enclosed Subwoofer Systems,53
OLED TVs,53
Isolation Transformers,53
Protection Plans,53
Batteries & Chargers,53
Amplifier Installation,52
Speaker Parts & Components,52
Satellite Speakers,52
Compound Monocular Microscopes,52
eBook Readers & Accessories,51
Hard Drive Accessories,51
Caller ID Displays,51
Cable Security Devices,51
Spikes,51
Lens Supports,51
Subwoofer,51
FireWire Port Cards,51
Disc Duplicators,50
Crossover Parts,49
Marine GPS Accessories,49
Microscopes,49
Stereo Microscopes,49
Video Transmission Systems,49
Finder Scopes,48
Teleprompters,48
Disc Repair Kits,48
CD Racks,47
Turntables & Accessories,47
S-Video Cables,46
VCRs,46
Cables & Accessories,46
Distribution Panels,46
Chargers,46
Wireless Multiroom Systems,45
Video Glasses,45
Filter Cases,45
DVD-RW,44
Smart Clip Accessories,44
Wireless & Streaming Audio,44
Camera Shoulder Supports,43
Component Cables,43
Disc Cleaners,43
Tripod Legs,43
Cell Phone Headsets,43
IR Illuminators,42
Thermal Pads,42
SLR Cameras,42
Media Storage Sleeves,41
Keyboard & Mice Accessories,40
Satellite Dishes,40
Film Processing Equipment,40
Car Safety & Security,40
"GPS, Finders & Accessories",39
Quadcopters & Accessories,39
Mini-SAS Cables,38
Serial Port Cards,38
Mobile Broadband Devices,37
Grey Cards,37
Battery Wiring & Terminals,37
Speaker Accessories,36
Memory Card Accessories,36
Speaker Wire Connectors,36
External Components,36
3P ASINs 1400,36
Catadioptric,36
"FREE One-Day Shipping in TV, Video & Audio with your Citi Card",36
Electronics & Wireless Outlet,35
Data Cartridges,35
Optical Drives,35
Cat 5 Cables,35
Underwater Photography,34
Archival Boxes,34
Shower Radios,33
"Slide, Negative & Print Pages",33
DVD Players & Recorders,33
Styluses,32
Infrared Filters,31
"TV Mounts, Stands & Turntables",31
USB Gadgets,31
Modem Cables,31
Cooling Pads & External Fans,31
Film Cameras,31
xD-Picture Cards,31
Home Theater,30
Cleaning Equipment,30
Marine Stereos,30
Speaker Wire,30
Camcorder Accessories,30
Satellite Dish Mounts,29
Bags,29
Satellite Finders,29
Color Correction & Compensation Filters,29
Line Conditioners,29
Headphones,29
Portfolios,28
Binoculars & Scopes,28
Amazon Cloud Drive T&C Offer,28
Single-Use Cameras,27
Film Photography,27
All,27
Continuous Lights,26
Point & Shoot Film Cameras,26
Trucking GPS,26
Surveillance Video Equipment,26
Computer Equipment Warranties,26
Electronics International Versions,26
"Household Batteries, Chargers & Accessories",26
Tape Decks,26
CB Radios & Scanners,26
OtterBox Brand Store,25
Body Mounted Cameras,25
CD-RW,25
Fuse Holders,25
Razer,25
Dew Caps,24
Power Strips & Surge Protectors,24
Projector Bags & Cases,24
Color Calibration Charts,24
Speaker Wiring Harnesses,24
LCD Displays,24
Barlow Lenses,24
PS/2 Cables,24
Marine Antennas,23
Bundles,23
Wearable Technology: Running Watches & Devices,23
PC Part Finder,22
New Arrivals - Electronics,22
Telescope Cases,22
Grill Cloth,21
Speaker Installation,21
Composite Cables,21
Cleaning & Repair,21
Parallel Port Cards,21
Amazon Device Accessories,20
Home Audio Crossovers & Parts,20
Receivers & Amplifiers,20
Camcorder Lenses,20
Matte Boxes,19
"FREE Two-Day Shipping in Camera, Photo & Video",19
Compound Binocular Microscopes,19
Parallel Cables,19
Floppy Diskettes,19
Portable Speakers & Docks,19
Adzinia CE Node,19
External Cooling Fans,19
DATs,19
Barn Doors,18
I/O Port Cards,18
Installation Services,18
Chemicals,18
Motor Drives,18
Pyle,18
Electronics Top Holiday Deals,17
Marine Amplifiers,17
Traffic Message Channel (TMC) Receiver Modules,17
Laptops,17
Computers Low Return Rate Alert,17
Gifts,17
RF Modulators,17
Tabletop & Travel Tripods,16
Carpet & Vinyl,16
Compound Trinocular Microscopes,16
Internal Memory Card Readers,16
Firewire Adapters,16
Amazon Locker Eligible Camera Products,16
Flash Tubes,15
V4 Customers Keep It - 30%,15
Battery & Charger Sets,15
Compressed Air,15
Heat-Shrink Tubing,15
Marine Electronics,15
Compact Radios & Stereos,14
20-25.9 Inches,14
Minidisc Players,14
Step-Down Rings,14
Blu-ray Players & Recorders,14
Underwater Lighting,14
BD-RE,14
LifeProof Brand Store,14
Wireless,14
Discover Holiday - MP3 & Media Players,14
Tuners,14
Stereo System Components,13
Brushes,13
Other Accessories,13
Drone Store | Accessories,13
Bluetooth Speakers,12
Power Cables,12
Phono Preamps,12
Office Electronics Accessories,12
V4 Customers Keep It - 50%,12
Cell Phones & Accessories,12
Interconnect Cables,12
Slaves,12
VCR Rewinders,12
SmartMedia Cards,12
Connectivity,12
Camera Cranes,11
Lighting Controls & Modifiers,11
Gaming Mice,11
Darkroom Supplies,11
Heavy Items,11
Video Multiplexers & Quads,10
Telescope & Microscope Accessories,10
Webcams & VoIP Equipment,10
Professional Video Cameras,10
Graduated Color Filters,10
Aviation GPS,10
Bestselling Renewed Smartphones,10
Rings,10
Diopters,10
Parallel Adapters,10
TV Turntables,10
Discover Holiday - TV & Video,10
Mad Catz,10
Filter Accessories,10
2014,10
Nexus Tablet Accessories,9
Stylus Pens,9
Bluetooth & FM Transmitters,9
Light Meters & Accessories,9
Flat Ribbon Cables,9
Wireless Jack Systems,9
Electronic Flashes,9
Hi-8,9
External Zip Drives,9
Photo Enlarging Paper,9
Amazon Device Accessories under $20,8
Camera Chest Supports,8
Phone Cards,8
Social Photography,8
Thermal Paste & Pads,8
Shooting Tables,8
VTR Decks,8
Amazon Pro Portal,8
TV Tuners,8
DVD+RW,8
Diagonals,8
Hero Quick Promotion,8
Opera Glasses,8
Tech Accessories,8
iPhone Cases,8
High-Tech Stocking Stuffers,8
USB 2.0,8
Marine Subwoofers,8
FREE One-Day Shipping on Select Electronics with your Discover Card,8
Port Tubes,8
FREE One Day Shipping with Citi-Electronics On the Go,8
Computer & Tablet Accessories,8
All Canon,8
DLT Cleaning Cartridges,8
Portable Audio & Accessories Holiday Deals,8
Internal Optical Drives,8
Copying Equipment,8
Tablet Replacement Parts,7
Loupes,7
iPad,7
Cool & Quirky Tech Accessories,7
Camera & Camcorder Lens Bundles,7
Slide Projectors,7
Radar Systems,7
Mounting Brackets,7
Guiders & Wedges,7
Computers,7
TV on the Go,7
MiniDiscs,7
Scosche,7
Power Supplies & Chargers,7
Gifts for Grads,7
Handheld CB Radios,7
Surveillance Accessories,7
CD & DVD Racks,6
Truck & RV Electronics Store,6
Parts & Accessories,6
PC & Camera Outlet,6
Multifunction Devices,6
Strobe Lighting,6
Bass Blockers,6
USB Beverage Warmers,6
Speaker Boxes,6
"Deep Discounts in Camera, Photo & Video",6
Handles,6
Lenses & Filters,6
CD Recorders,6
Electronics Emergency Preparedness,6
Internal Modems,6
4th of July Deals 2013-Electronics On the Go,6
Wearable Technology 1.0,6
Samsung Tablet Accessories,6
Lighting & Studio,6
Medium & Large-Format Cameras,5
Device Servers,5
CD & Tape Players,5
HD DVD Players,5
Video Game Consoles & Accessories,5
Blank Video Media,5
Changers,5
Caddies,5
Kick-Panel Enclosures,5
Video Games,5
Wearable Technology: Fitness & Wellness,5
Microscope Accessories,5
Bases & Stands,5
Gaming Keyboards,5
Liquid Cleaners,5
Tablet PCs,5
Biking,5
SteelSeries,5
New in Electronics,5
Gifts for Dads & Grads in Electronics,5
Sports GPS,5
Home Entertainment,4
Aviation Handheld Radios,4
Camera Cine Dollies,4
Touchscreen Laptops,4
Computers and Accessories Quantity Pricing,4
OnePlus,4
Center Columns,4
Corsair,4
Samsung Note 10.1,4
iPad mini,4
Summer is Coming in Tech Accessories,4
VHS-C,4
DVD-RAM,4
Media Storage,4
Safelights,4
FireWire,4
Star Wars Day Tech Gadgets,4
Electronics Gift Guide - Top Tech for Gifting,4
Carpet,4
Marine Autopilots,4
Mounting Accessories,4
Optoma Projectors,3
Tablet & Computer Accessories,3
Travel Essentials,3
Echo Smart Speaker & Display Bundles,3
Premium TV & Audio,3
Logitech,3
16-20 Inches,3
Gifts for Dads,3
Specialty Film Cameras,3
SCSI Cables,3
V4 Customers Keep It - 70%,3
Aviation Electronics,3
Zip Media,3
Traditional Audio,3
"New Year, New Tech Gear Electronics On the Go",3
Sound Storm Dynamic Coop,3
SCSI Adapters,3
June Audio Month Featured Deals,3
"Wearable Technology: Family, Kids & Pets",3
Gear for the Urban Commuter,3
Featured Windows 8 PCs,3
Amazon Devices,3
Game Hardware,3
Kids Character Cameras,3
Buy Samsung at as low as 0% APR,3
In-Visor Video,3
Bounceback,2
Tablet Stands,2
Virtual Reality,2
Systems,2
Smart Plugs,2
New iPod Accessories,2
Sandisk Dynamic Coop,2
12-Month Financing on Computers,2
PC Components,2
Strobes & Flashes,2
2014 Samsung Holiday TV Deals,2
ASUS Transformer Tablet Accessories,2
Car Electronics for College,2
Innovative Gadget Gifts for Techies,2
Subwoofer Kits,2
Archival Storage Binders,2
Metra Dynamic Coop,2
Network Media Players & Storage,2
"Big Markdowns in TV, Video & Audio",2
Midland Dynamic Coop,2
HP Single-Function Inkjet Printers,2
Electronics,2
Rangefinder Cameras,2
USB 3.0/2.0,2
Electronics Holiday Shopping,2
Free Photo Book,2
HP Monochrome LaserJets,2
Summer Road Trip-Electronics On the Go,2
Pro Series Ultrabooks,2
Presentation Supplies,2
Power-Over-Ethernet,2
Featured iPad Accessories,2
Apple,2
Wearable Technology: Smart Tracking,2
Computers & Accessories Overstock Event,2
Dell Monitor Promotion,2
Adapters & Connectors,2
Cases with Band,2
Bestselling Renewed Home Entertainment,2
Data Cables & Chargers,2
Power-Distribution Components,2
Spring Cleaning in Electronics Accessories,2
HP Scanners,2
Duo Series 2-in-1s Ultrabooks,2
Amazon Unlimited Storage + Laptop Promotion,2
RV GPS,2
Back to School-Electronics On the Go,2
Doorbells & Chimes,2
Up to 47% off SteelSeries Prime Gaming Mouse,1
Monopod Heads,1
Portable Audio Spring Outlet,1
4-Camera Kits,1
Renewed Phones,1
Detachables,1
Compound Microscopes,1
Samsung Gift Ideas,1
Cable Connection Protectors,1
Nokia Lumia 635 DOTD,1
HP Laptops,1
Devices with Enhanced Amazon Instant Video Viewing Experience,1
Big Savings in Home Audio & Headphones,1
Dell Tablet Accessories,1
Printers & Scanners,1
Binding Machine Supplies,1
All Sony Camera & Photo,1
All Camera & Photo,1
Processors,1
Toshiba,1
iPad Air Accessories,1
Traditional Camcorders,1
HP Laptop Sleeves,1
LG,1
Designed for Flip,1
Home Theater Projectors,1
Cases & Covers,1
Toshiba Netbook Accessories,1
Qualifying Audible Devices,1
Fitness GPS Accessories from Garmin,1
Toshiba Laptops,1
Musical Instruments,1
Tab 2 10.1,1
"Deal of the Day | New Year, New Tech Gear",1
Valentine's Day,1
GoPro Accessories,1
Samsung Tab 2 7.0,1
Batteries & Battery Packs,1
Samsung Note 8.0,1
Power Packs,1
Logitech Universal Remotes,1
8-Channel,1
Deal of the Day: Up to 50% Off Select Tech Accessories,1
Wearable Technology: Wearables for Babies & Kids,1
Select Favorites in Computer Accessories,1
Shop Dell Desktops,1
iPad Pro Accessories,1
Wireless Components & Receivers,1
Smart Home Security & Lighting,1
6 Month Financing,1
Featured Overstock in Mobile Electronics,1
Camera Supports & Stabilizers,1
Apple Bands,1
Midland Two-Way & Emergency Radios,1
Sennheiser Mics & Instrument Sets,1
Deep Discounts in Portable Audio & Accessories,1
Belkin Dynamic Coop,1
Mother's Day Gifts in Electronics Accessories,1
TomTom Dynamic Coop,1
Electronics $5 Store,1
Gaming PC,1
Presidents Day Deals Electronics On the Go,1
HDD Cooling Fans,1
Home Audio Outlet,1
Boston Acoustics Speakers,1
Surround Processors,1
PC Games,1
Printers,1
Pioneer Elite,1
PC Gaming,1
Laptop Travel Accessories,1
Popular Electronics,1
Denon Receivers,1
Electronics Outlet,1
Computer Accessories & Peripherals Deal of the Day,1
Pyle Electronics Holiday Savings,1
Emerging Technologies,1
"30% off on Caseology iPhone Cases for iPhone X, iPhone 8/7 and iPhone 8Plus/7Plus Smartphones",1
HP Desktops,1
Power-Distribution Kits,1
Must-Have Gadgets for Summer Travel,1
Sensors,1
Deep Discounts in Car Electronics and GPS & Navigation,1
8-Camera Kits,1
HP Laptop Bags/Cases,1
Batteries & Adapters,1
Hunting and Fishing,1
Chromebook Savings,1
Microdrive,1
Warranties & Services,1
GPS & Navigation Holiday Deals,1
Free One Day Shipping | Mobile Electronics,1
HP Projectors,1
Fitness Headphones,1
New Intel Powered ASUS Tablets,1
Alarm Systems,1
Headphones & Components,1
Audio and Accessories,1
Radio & Clock Stocking Stuffers,1
Acer Laptops & Desktops Event,1
Gaming Desktops,1
Convertibles,1
MP3 Players with Android,1
SkullcandyHeadphones,1
Binocular Cases,1
Keycaps,1
TV Accessories - Home,1
Home Security Decals & Signs,1
